{"GameObject":{"Component":{"bBurst":false,"bColorEasing":false,"bCube":false,"bDirTurn":false,"bForce":false,"bLoop":false,"bMeshVTXParticle":false,"bMoveEasing":false,"bRotationEasing":false,"bScaleEasing":false,"bSprite":true,"bSprtieLoop":false,"eDeathType":0,"eMeshStartType":0,"eMoveControl":0,"fCutRange":2.0,"fDirTurnAngle":30.0,"fDirTurnLerp":0.5099999904632568,"fDirTurnWaitTime":0.0,"fForce":9.800000190734863,"fForceSpeed":0.0340999998152256,"fMeshSize":1.0,"fMoveAdjustSpeed":10.0,"fSpawnTime":5.5,"fSpriteDuration":0.0,"fSprite_Speed":[1.0,1.0,0.0,0.0],"iColorEasingType":31,"iMaskArrayMaxIndex":2,"iMoveEasingType":0,"iNumInstance":200,"iRotationEasingType":3,"iScaleEasingType":0,"vCenter":[0.0,0.0,0.0,0.0],"vColor":[[1.0,0.47787612676620483,0.0,1.0],[1.0,0.47787612676620483,0.0,1.0]],"vColor_Force":[0.0,0.0,0.0,0.0],"vColor_Max":[1.0,1.0,1.0,1.0],"vColor_Speed":[-0.4000000059604645,-1.0,0.0,0.0],"vDirTurnTime":[0.0,0.4399999976158142,0.0,0.0],"vForceDir":[0.0,-1.0,0.0,0.0],"vLifeTime":[1.0499999523162842,1.0499999523162842,0.0,0.0],"vMeshPointOffset":[[0.0,0.0,0.0,0.0],[0.0,0.0,0.0,0.0]],"vMove_Force":[0.0,0.0,0.0,0.0],"vMove_MaxSpeed":[100.0,100.0,100.0,0.0],"vMove_MinSpeed":[-100.0,-100.0,-100.0,0.0],"vMove_Speed":[[0.0,0.0,0.0,0.0],[0.0,0.0,0.0,0.0]],"vOffsetRange":[[-100.0,-1.0,-100.0,0.0],[100.0,1.0,100.0,0.0]],"vRotation":[[0.0,0.0,0.0,0.0],[0.0,3.140000104904175,0.0,0.0]],"vRotation_Force":[0.0,0.0,0.0,0.0],"vRotation_Max":[100.0,100.0,100.0,0.0],"vRotation_Min":[-100.0,-100.0,-100.0,0.0],"vRotation_Speed":[0.0,0.0,0.0,0.0],"vScale":[[20.0,20.0,20.0,0.0],[20.0,20.0,20.0,0.0]],"vScale_Force":[0.0,0.0,0.0,0.0],"vScale_Max":[100.0,100.0,100.0,0.0],"vScale_Min":[0.0,0.0,0.0,0.0],"vScale_Speed":[-1.5,-1.5,-1.5,0.0],"vSpriteColRow":[8.0,8.0,0.0,0.0],"vStartRange":[[-3.5,-1.0,-3.5,0.0],[3.5,20.0,3.5,0.0]]},"DiffuseTexture":"0Effect_Diffuse_None","DiffuseUV":[0.0,0.0,0.0,0.0],"Discard_Alpha":0.38999998569488525,"DistortionBias":0.009999999776482582,"DistortionNoiseWeight":1.0,"DistortionScale":0.009999999776482582,"DistortionValue":[1.0,1.0,1.0,0.0],"EasingType":0,"MaskTexture":"","MaskUV":[0.0,0.0,0.0,0.0],"NoiseTexture":"FX_EB1004_Aura_UV_02_T","NoiseUV":[0.0,0.0,0.0,0.0],"ObjectTag":"","PrototypeTag":"AerithDisaster_FlameReverb","Rotation":[0.0,0.0,0.0,0.0],"ShaderType":3,"Size":[1.0,1.0,0.0,0.0],"Solid_Color":[1.0,1.0,1.0,1.0],"SpriteColRow":[8.0,8.0,0.0,0.0],"SpriteDuration":0.0,"SpriteSpeed":1.0,"SpriteType":1,"bEasing":false,"bLoop":false,"bMaskArray":false,"bParticleSoft":true,"bSolidColor":false,"bSpriteAnim":true,"eColorBlendType":7,"eDeadType":0,"eUseType":0,"iMaskArrayNum":2,"strMaskArray":["FX_R_Smk_06A_T","FX_R_Smk_06A_T","FX_R_Explosion_04A_T","0Effect_Mask_None","0Effect_Mask_None","0Effect_Mask_None","0Effect_Mask_None","0Effect_Mask_None","0Effect_Mask_None","0Effect_Mask_None","0Effect_Mask_None","0Effect_Mask_None","0Effect_Mask_None","0Effect_Mask_None","0Effect_Mask_None","0Effect_Mask_None","0Effect_Mask_None","0Effect_Mask_None"]}}
