{"GameObject":{"Component":{"bBurst":false,"bColorEasing":false,"bCube":false,"bDirTurn":false,"bForce":false,"bLoop":false,"bMeshVTXParticle":false,"bMoveEasing":false,"bRotationEasing":false,"bScaleEasing":false,"bSprite":false,"bSprtieLoop":false,"eDeathType":0,"eMeshStartType":0,"eMoveControl":0,"fCutRange":0.0,"fDirTurnAngle":0.0,"fDirTurnLerp":1.0,"fDirTurnWaitTime":0.0,"fForce":9.800000190734863,"fForceSpeed":0.0340999998152256,"fMeshSize":1.0,"fMoveAdjustSpeed":1.0,"fSpawnTime":0.10000000149011612,"fSpriteDuration":0.0,"fSprite_Speed":[1.0,1.0,0.0,0.0],"iColorEasingType":0,"iMaskArrayMaxIndex":4,"iMoveEasingType":0,"iNumInstance":30,"iRotationEasingType":0,"iScaleEasingType":0,"vCenter":[0.0,0.0,0.0,0.0],"vColor":[[1.0,1.0,1.0,1.0],[1.0,1.0,1.0,1.0]],"vColor_Force":[0.0,0.0,0.0,-0.30000001192092896],"vColor_Max":[1.0,1.0,1.0,1.0],"vColor_Speed":[0.0,0.0,0.6100000143051147,-0.20000000298023224],"vDirTurnTime":[0.0,0.0,0.0,0.0],"vForceDir":[0.0,-1.0,0.0,0.0],"vLifeTime":[5.0,5.0,0.0,0.0],"vMeshPointOffset":[[0.0,0.0,0.0,0.0],[0.0,0.0,0.0,0.0]],"vMove_Force":[0.0,0.0,0.0,0.0],"vMove_MaxSpeed":[100.0,100.0,100.0,0.0],"vMove_MinSpeed":[-100.0,-100.0,-100.0,0.0],"vMove_Speed":[[-0.10000000149011612,0.10000000149011612,-0.10000000149011612,0.0],[0.10000000149011612,0.10000000149011612,0.10000000149011612,0.0]],"vOffsetRange":[[-1.0,-1.0,-1.0,0.0],[1.0,1.0,1.0,0.0]],"vRotation":[[0.0,0.0,0.0,0.0],[0.0,0.0,0.0,0.0]],"vRotation_Force":[0.0,0.0,0.0,0.0],"vRotation_Max":[100.0,100.0,100.0,0.0],"vRotation_Min":[-100.0,-100.0,-100.0,0.0],"vRotation_Speed":[0.0,0.0,0.0,0.0],"vScale":[[1.0,1.0,1.0,0.0],[1.0,1.0,1.0,0.0]],"vScale_Force":[1000.0,1000.0,1000.0,0.0],"vScale_Max":[150.0,150.0,150.0,0.0],"vScale_Min":[0.0,0.0,0.0,0.0],"vScale_Speed":[0.0,0.0,0.0,0.0],"vSpriteColRow":[1.0,1.0,0.0,0.0],"vStartRange":[[-15.0,0.0,-15.0,0.0],[15.0,10.0,15.0,0.0]]},"DiffuseTexture":"0Effect_Diffuse_None","DiffuseUV":[0.0,0.0,0.0,0.0],"Discard_Alpha":0.0,"DistortionBias":0.009999999776482582,"DistortionNoiseWeight":1.0,"DistortionScale":0.009999999776482582,"DistortionValue":[1.0,1.0,1.0,0.0],"EasingType":0,"MaskTexture":"","MaskUV":[0.0,0.0,0.0,0.0],"NoiseTexture":"0Effect_Noise_None","NoiseUV":[0.0,0.0,0.0,0.0],"ObjectTag":"","PrototypeTag":"Prototype_GameObject_Particle","Rotation":[0.0,0.0,0.0,0.0],"ShaderType":0,"Size":[1.0,1.0,0.0,0.0],"Solid_Color":[1.0,1.0,1.0,1.0],"SpriteColRow":[1.0,1.0,0.0,0.0],"SpriteDuration":0.10000000149011612,"SpriteSpeed":1.0,"SpriteType":0,"bEasing":false,"bLoop":true,"bMaskArray":false,"bParticleSoft":true,"bSolidColor":false,"bSpriteAnim":false,"eColorBlendType":0,"eDeadType":0,"eUseType":0,"iMaskArrayNum":4,"strMaskArray":["FX_R_Flash_01_T","FX_R_Flash_02_T","FX_R_Flash_03_T","FX_R_Glow_01_T","FX_R_Glow_02_T","FX_R_Glow_03_T","","","","","","","","","","","",""]}}
