{"GameObject":{"Component":{"bBurst":false,"bColorEasing":false,"bCube":false,"bDirTurn":false,"bForce":false,"bLoop":false,"bMeshVTXParticle":false,"bMoveEasing":false,"bRotationEasing":false,"bScaleEasing":false,"bSprite":true,"bSprtieLoop":false,"eDeathType":0,"eMeshStartType":0,"eMoveControl":0,"fCutRange":0.5,"fDirTurnAngle":0.0,"fDirTurnLerp":1.0,"fDirTurnWaitTime":0.0,"fForce":9.800000190734863,"fForceSpeed":0.0340999998152256,"fMeshSize":1.0,"fMoveAdjustSpeed":1.0,"fSpawnTime":0.5,"fSpriteDuration":0.004999999888241291,"fSprite_Speed":[1.0,1.0,0.0,0.0],"iColorEasingType":0,"iMaskArrayMaxIndex":2,"iMoveEasingType":0,"iNumInstance":25,"iRotationEasingType":0,"iScaleEasingType":0,"vCenter":[0.0,0.0,0.0,0.0],"vColor":[[0.7615318894386292,1.0,0.5353982448577881,1.0],[0.8649384379386902,1.0,0.7615318894386292,1.0]],"vColor_Force":[0.0,0.0,0.0,0.0],"vColor_Max":[1.0,1.0,1.0,1.0],"vColor_Speed":[0.0,0.0,0.0,0.0],"vDirTurnTime":[0.0,0.0,0.0,0.0],"vForceDir":[0.0,-1.0,0.0,0.0],"vLifeTime":[0.0,1.0499999523162842,0.0,0.0],"vMeshPointOffset":[[0.0,0.0,0.0,0.0],[0.0,0.0,0.0,0.0]],"vMove_Force":[0.0,0.0,0.0,0.0],"vMove_MaxSpeed":[100.0,100.0,100.0,0.0],"vMove_MinSpeed":[-100.0,-100.0,-100.0,0.0],"vMove_Speed":[[-0.10000000149011612,0.10000000149011612,-0.10000000149011612,0.0],[0.10000000149011612,0.10000000149011612,0.10000000149011612,0.0]],"vOffsetRange":[[-1.0,-1.0,-1.0,0.0],[1.0,1.0,1.0,0.0]],"vRotation":[[0.0,0.0,0.0,0.0],[0.0,0.0,0.0,0.0]],"vRotation_Force":[0.0,0.0,0.0,0.0],"vRotation_Max":[100.0,100.0,100.0,0.0],"vRotation_Min":[-100.0,-100.0,-100.0,0.0],"vRotation_Speed":[0.0,0.0,0.0,0.0],"vScale":[[3.0,3.0,3.0,0.0],[5.0,5.0,5.0,0.0]],"vScale_Force":[0.0,0.0,0.0,0.0],"vScale_Max":[100.0,100.0,100.0,0.0],"vScale_Min":[0.0,0.0,0.0,0.0],"vScale_Speed":[0.0,0.0,0.0,0.0],"vSpriteColRow":[8.0,8.0,0.0,0.0],"vStartRange":[[-3.0,1.0,-3.0,0.0],[3.0,4.0,3.0,0.0]]},"DiffuseTexture":"0Effect_Diffuse_None","DiffuseUV":[0.0,0.0,0.0,0.0],"Discard_Alpha":0.7699999809265137,"DistortionBias":0.009999999776482582,"DistortionNoiseWeight":1.0,"DistortionScale":0.009999999776482582,"DistortionValue":[1.0,1.0,1.0,0.0],"EasingType":0,"MaskTexture":"","MaskUV":[0.0,0.0,0.0,0.0],"NoiseTexture":"0Effect_Noise_None","NoiseUV":[0.0,0.0,0.0,0.0],"ObjectTag":"","PrototypeTag":"AerithThunder_Spark2","Rotation":[0.0,0.0,0.0,0.0],"ShaderType":0,"Size":[1.0,1.0,0.0,0.0],"Solid_Color":[1.0,1.0,1.0,1.0],"SpriteColRow":[8.0,8.0,0.0,0.0],"SpriteDuration":0.004999999888241291,"SpriteSpeed":1.0,"SpriteType":1,"bEasing":false,"bLoop":false,"bMaskArray":false,"bParticleSoft":true,"bSolidColor":false,"bSpriteAnim":true,"eColorBlendType":0,"eDeadType":0,"eUseType":0,"iMaskArrayNum":2,"strMaskArray":["FX_R_Smk_06A_T","FX_R_Smk_07A_T","","","","","","","","","","","","","","","",""]}}
