{"GameObject":{"DiffuseTexture":"0Effect_Diffuse_None","DiffuseUV":[0.0,0.0,0.0,0.0],"Discard_Alpha":0.0,"DistortionBias":0.009999999776482582,"DistortionNoiseWeight":1.0,"DistortionScale":0.009999999776482582,"DistortionValue":[1.0,1.0,1.0,0.0],"EasingType":0,"MaskTexture":"0Effect_Mask_None","MaskUV":[0.0,0.0,0.0,0.0],"NoiseTexture":"0Effect_Noise_None","NoiseUV":[0.0,0.0,0.0,0.0],"Rotation":[0.0,0.0,0.0,0.0],"ShaderType":3,"Size":[1.0,1.0,0.0,0.0],"Solid_Color":[1.0,1.0,1.0,1.0],"SpriteColRow":[1.0,1.0,0.0,0.0],"SpriteDuration":0.10000000149011612,"SpriteSpeed":1.0,"SpriteType":0,"WorldMatrix":[[-1.8149855804949766e-06,-3.303139229152152e-12,1.9945709705352783,0.0],[-1.8199258988715883e-07,0.05000000074505806,-8.280325074693992e-14,0.0],[-1.2603834867477417,-4.58760905530653e-06,-1.1469022638266324e-06,0.0],[0.0,3.0311946868896484,0.0,1.0]],"bClamp":false,"bDissolveParticle":true,"bEasing":false,"bFollowOwner":false,"bLoop":true,"bMaskInverse":false,"bMoveUV_Y":false,"bPlayAnimation":false,"bSpriteAnim":false,"eDeadType":0,"eDissolveParticleStartType":2,"eUseType":0,"fDissolveAmountSpeed":5.0,"fDissolveGradiationDistanceSpeed":5.0,"fLifeTime":0.10000000149011612,"fUVForce":0.0,"fUVSpeed":1.0,"fUVStart":1.0,"strDissolve":"DissolveAdd805","strDissolveParticleTag":"CloudSpark2","strModelTag":"00Cloud_Trail_01_M","vAdjustPosition":[0.0,0.0,0.0,0.0],"vAdjustRotation":[-90.0,0.0,0.0,0.0],"vColor":[1.0,1.0,0.6809999942779541,1.0],"vColor_Force":[0.0,-0.7400000095367432,-0.8600000143051147,0.0],"vColor_Max":[1.0,1.0,1.0,1.0],"vColor_Speed":[0.0,-0.550000011920929,-0.46000000834465027,0.0],"vDissolveGradiationEndColor":[1.0,1.0,1.0,0.0],"vDissolveGradiationStartColor":[1.0,1.0,1.0,0.0],"vInitialPosition":[0.0,0.0,0.0,0.0],"vMove_Force":[0.0,0.0,0.0,0.0],"vMove_MaxSpeed":[100.0,100.0,100.0,0.0],"vMove_MinSpeed":[-100.0,-100.0,-100.0,0.0],"vMove_Speed":[0.0,0.0,0.0,0.0],"vRotation":[0.0,0.0,0.0,0.0],"vRotation_Force":[0.0,0.0,0.0,0.0],"vRotation_Max":[100.0,100.0,100.0,0.0],"vRotation_Min":[-100.0,-100.0,-100.0,0.0],"vRotation_Speed":[0.0,0.0,0.0,0.0],"vScale":[0.5,0.009999999776482582,0.10000000149011612,0.0],"vScale_Force":[50.0,5.0,20.0,0.0],"vScale_Max":[3.0,0.05000000074505806,2.0,0.0],"vScale_Min":[0.0,0.0,0.0,0.0],"vScale_Speed":[10.0,2.0,9.0,0.0],"vWeight":[1.0,1.0,1.0,0.0]}}
