{"GameObject":{"DiffuseTexture":"0Effect_Diffuse_None","DiffuseUV":[0.0,0.0,0.0,0.0],"Discard_Alpha":0.0,"DistortionBias":0.009999999776482582,"DistortionNoiseWeight":1.0,"DistortionScale":0.009999999776482582,"DistortionValue":[1.0,1.0,1.0,0.0],"EasingType":0,"MaskTexture":"0Effect_Mask_None","MaskUV":[0.0,0.0,0.0,0.0],"NoiseTexture":"0Effect_Noise_None","NoiseUV":[0.0,0.0,0.0,0.0],"Rotation":[0.0,0.0,0.0,0.0],"ShaderType":3,"Size":[1.0,1.0,0.0,0.0],"Solid_Color":[1.0,1.0,1.0,1.0],"SpriteColRow":[1.0,1.0,0.0,0.0],"SpriteDuration":0.10000000149011612,"SpriteSpeed":1.0,"SpriteType":0,"WorldMatrix":[[-1.3113405472608974e-08,-0.30000001192092896,0.0,0.0],[-8.742278367890322e-08,3.82137093032941e-15,-2.0,0.0],[3.0,-1.311342145982053e-07,-1.3113415775478643e-07,0.0],[0.0,3.384706735610962,0.0,1.0]],"bClamp":false,"bDissolveParticle":true,"bEasing":false,"bFollowOwner":false,"bLoop":true,"bMaskInverse":false,"bMoveUV_Y":false,"bPlayAnimation":false,"bSpriteAnim":false,"eDeadType":0,"eDissolveParticleStartType":2,"eUseType":0,"fDissolveAmountSpeed":5.0,"fDissolveGradiationDistanceSpeed":5.0,"fLifeTime":0.10000000149011612,"fUVForce":0.0,"fUVSpeed":1.0,"fUVStart":1.0,"strDissolve":"DissolveAdd805","strDissolveParticleTag":"CloudSpark2","strModelTag":"00Cloud_SwordLine_01_M","vAdjustPosition":[0.0,0.0,0.0,0.0],"vAdjustRotation":[-90.0,0.0,0.0,0.0],"vColor":[1.0,1.0,0.6809999942779541,1.0],"vColor_Force":[0.0,-0.7400000095367432,-0.8600000143051147,0.0],"vColor_Max":[1.0,1.0,1.0,1.0],"vColor_Speed":[0.0,-0.550000011920929,-0.46000000834465027,0.0],"vDissolveGradiationEndColor":[1.0,1.0,1.0,0.0],"vDissolveGradiationStartColor":[1.0,1.0,1.0,0.0],"vInitialPosition":[0.0,0.0,0.0,0.0],"vMove_Force":[0.0,0.0,0.0,0.0],"vMove_MaxSpeed":[100.0,100.0,100.0,0.0],"vMove_MinSpeed":[-100.0,-100.0,-100.0,0.0],"vMove_Speed":[0.0,0.0,0.0,0.0],"vRotation":[0.0,0.0,0.0,0.0],"vRotation_Force":[0.0,0.0,0.0,0.0],"vRotation_Max":[100.0,100.0,100.0,0.0],"vRotation_Min":[-100.0,-100.0,-100.0,0.0],"vRotation_Speed":[0.0,0.0,0.0,0.0],"vScale":[0.10000000149011612,2.0,0.5,0.0],"vScale_Force":[50.0,0.0,200.0,0.0],"vScale_Max":[0.30000001192092896,5.0,3.0,0.0],"vScale_Min":[0.0,0.0,0.0,0.0],"vScale_Speed":[10.0,0.0,30.0,0.0],"vWeight":[1.0,1.0,1.0,0.0]}}
