{"GameObject":{"DiffuseTexture":"0Effect_Diffuse_None","DiffuseUV":[0.0,0.0,0.0,0.0],"Discard_Alpha":0.30000001192092896,"DistortionBias":0.009999999776482582,"DistortionNoiseWeight":1.0,"DistortionScale":0.009999999776482582,"DistortionValue":[1.0,1.0,1.0,0.0],"EasingType":0,"MaskTexture":"FX_EB1004_Aura_UV_01_T","MaskUV":[0.0,0.0,0.0,0.0],"NoiseTexture":"0Effect_Noise_None","NoiseUV":[0.0,0.0,0.0,0.0],"Rotation":[0.0,0.0,0.0,0.0],"ShaderType":1,"Size":[1.0,1.0,0.0,0.0],"Solid_Color":[1.0,1.0,1.0,1.0],"SpriteColRow":[1.0,1.0,0.0,0.0],"SpriteDuration":0.10000000149011612,"SpriteSpeed":1.0,"SpriteType":0,"WorldMatrix":[[21.03000259399414,0.0,0.0,0.0],[0.0,-9.192667675961275e-07,21.030372619628906,0.0],[0.0,-21.030372619628906,-9.192667675961275e-07,0.0],[0.0,0.0,0.0,1.0]],"bClamp":false,"bDissolveParticle":false,"bEasing":false,"bFollowOwner":false,"bLoop":true,"bMaskInverse":false,"bMoveUV_Y":true,"bPlayAnimation":false,"bSpriteAnim":false,"eDeadType":2,"eDissolveParticleStartType":2,"eUseType":0,"fDissolveAmountSpeed":1.0,"fDissolveGradiationDistanceSpeed":1.0,"fLifeTime":10.0,"fUVForce":0.0,"fUVSpeed":0.0010000000474974513,"fUVStart":1.0,"strDissolve":"0Effect_Dissolve_None","strDissolveParticleTag":"","strModelTag":"FX_Aero01_Tornado_01_M","vAdjustPosition":[0.0,0.0,0.0,0.0],"vAdjustRotation":[-90.0,0.0,0.0,0.0],"vColor":[1.0,0.4000000059604645,0.4000000059604645,1.0],"vColor_Force":[0.0,0.0,0.0,-0.6000000238418579],"vColor_Max":[1.0,1.0,1.0,1.0],"vColor_Speed":[0.0,0.0,0.0,-0.6000000238418579],"vDissolveGradiationEndColor":[1.0,1.0,1.0,0.0],"vDissolveGradiationStartColor":[1.0,1.0,1.0,0.0],"vInitialPosition":[0.0,0.0,0.0,0.0],"vMove_Force":[0.0,0.0,0.0,0.0],"vMove_MaxSpeed":[100.0,100.0,100.0,0.0],"vMove_MinSpeed":[-100.0,-100.0,-100.0,0.0],"vMove_Speed":[0.0,0.0,0.0,0.0],"vRotation":[0.0,0.0,0.0,0.0],"vRotation_Force":[0.0,0.0,0.0,0.0],"vRotation_Max":[100.0,100.0,100.0,0.0],"vRotation_Min":[-100.0,-100.0,-100.0,0.0],"vRotation_Speed":[0.0,0.0,0.0,0.0],"vScale":[1.0,1.0,1.0,0.0],"vScale_Force":[12.0,12.0,12.0,0.0],"vScale_Max":[100.0,100.0,100.0,0.0],"vScale_Min":[0.0,0.0,0.0,0.0],"vScale_Speed":[12.0,12.0,12.0,0.0],"vWeight":[1.0,1.0,1.0,0.0]}}
