{"GameObject":{"DiffuseTexture":"0Effect_Diffuse_None","DiffuseUV":[0.0,0.0,0.0,0.0],"Discard_Alpha":0.30000001192092896,"DistortionBias":0.009999999776482582,"DistortionNoiseWeight":1.0,"DistortionScale":0.009999999776482582,"DistortionValue":[1.0,1.0,1.0,0.0],"EasingType":0,"MaskTexture":"FX_PC0004_Kiseki_01_T","MaskUV":[0.0,0.0,0.0,0.0],"NoiseTexture":"0Effect_Noise_None","NoiseUV":[0.0,0.0,0.0,0.0],"Rotation":[0.0,0.0,0.0,0.0],"ShaderType":0,"Size":[1.0,1.0,0.0,0.0],"Solid_Color":[1.0,1.0,1.0,1.0],"SpriteColRow":[1.0,1.0,0.0,0.0],"SpriteDuration":0.10000000149011612,"SpriteSpeed":1.0,"SpriteType":0,"WorldMatrix":[[-4.3752452832598876e-13,-1.0009393918153364e-05,10.999781608581543,0.0],[11.0,-4.808252924703993e-07,0.0,0.0],[2.9413786961640653e-08,0.6729090213775635,6.12322196502646e-07,0.0],[0.0,0.0,0.0,1.0]],"bClamp":false,"bDissolveParticle":false,"bEasing":false,"bFollowOwner":false,"bLoop":true,"bMaskInverse":false,"bMoveUV_Y":false,"bPlayAnimation":false,"bSpriteAnim":false,"eDeadType":1,"eDissolveParticleStartType":2,"eUseType":0,"fDissolveAmountSpeed":1.0,"fDissolveGradiationDistanceSpeed":1.0,"fLifeTime":10.0,"fUVForce":0.0,"fUVSpeed":1.0,"fUVStart":1.0,"strDissolve":"0Effect_Dissolve_None","strDissolveParticleTag":"","strModelTag":"00Cloud_SwordLine_01_M","vAdjustPosition":[0.0,0.0,0.0,0.0],"vAdjustRotation":[-90.0,0.0,0.0,0.0],"vColor":[0.4000000059604645,1.0,0.4000000059604645,1.0],"vColor_Force":[0.0,0.0,0.0,0.0],"vColor_Max":[1.0,1.0,1.0,1.0],"vColor_Speed":[0.0,0.0,0.0,0.0],"vDissolveGradiationEndColor":[1.0,1.0,1.0,0.0],"vDissolveGradiationStartColor":[1.0,1.0,1.0,0.0],"vInitialPosition":[0.0,0.0,0.0,0.0],"vMove_Force":[0.0,0.0,0.0,0.0],"vMove_MaxSpeed":[100.0,100.0,100.0,0.0],"vMove_MinSpeed":[-100.0,-100.0,-100.0,0.0],"vMove_Speed":[0.0,0.0,0.0,0.0],"vRotation":[0.0,0.0,0.0,0.0],"vRotation_Force":[0.0,0.0,0.0,0.0],"vRotation_Max":[100.0,100.0,100.0,0.0],"vRotation_Min":[-100.0,-100.0,-100.0,0.0],"vRotation_Speed":[0.0,0.0,0.0,0.0],"vScale":[11.0,11.0,0.10000000149011612,0.0],"vScale_Force":[0.0,0.0,-200.0,0.0],"vScale_Max":[100.0,100.0,100.0,0.0],"vScale_Min":[0.0,0.0,0.0,0.0],"vScale_Speed":[0.0,0.0,50.0,0.0],"vWeight":[1.0,1.0,1.0,0.0]}}
