{
  "GameObject": {
    "Component": {
      "bBurst": false,
      "bColorEasing": false,
      "bCube": true,
      "bDirTurn": false,
      "bForce": false,
      "bLoop": false,
      "bMeshVTXParticle": false,
      "bMoveEasing": false,
      "bRotationEasing": false,
      "bScaleEasing": false,
      "bSprite": true,
      "bSprtieLoop": true,
      "eDeathType": 0,
      "eMeshStartType": 0,
      "eMoveControl": 0,
      "fCutRange": 0.0,
      "fDirTurnAngle": 0.0,
      "fDirTurnLerp": 1.0,
      "fDirTurnWaitTime": 0.0,
      "fForce": 9.800000190734863,
      "fForceSpeed": 0.0340999998152256,
      "fMeshSize": 1.0,
      "fMoveAdjustSpeed": 1.0,
      "fSpawnTime": 0.0,
      "fSpriteDuration": 0.10000000149011612,
      "fSprite_Speed": [ 50.0, 50.0, 0.0, 0.0 ],
      "iColorEasingType": 0,
      "iMaskArrayMaxIndex": 1,
      "iMoveEasingType": 0,
      "iNumInstance": 1,
      "iRotationEasingType": 0,
      "iScaleEasingType": 0,
      "vCenter": [ 0.0, 0.0, 0.0, 0.0 ],
      "vColor": [
        [ 0.7216607928276062, 0.1601787507534027, 0.9901960492134094, 1.0 ],
        [ 0.7567965388298035, 0.2585304081439972, 1.0, 1.0 ]
      ],
      "vColor_Force": [ 0.0, 0.0, 0.0, 0.0 ],
      "vColor_Max": [ 1.0, 1.0, 1.0, 1.0 ],
      "vColor_Speed": [ 0.0, 0.0, 0.0, 0.0 ],
      "vDirTurnTime": [ 0.0, 0.0, 0.0, 0.0 ],
      "vForceDir": [ 0.0, -1.0, 0.0, 0.0 ],
      "vLifeTime": [ 1.0, 1.0, 0.0, 0.0 ],
      "vMeshPointOffset": [
        [ 0.0, 0.0, 0.0, 0.0 ],
        [ 0.0, 0.0, 0.0, 0.0 ]
      ],
      "vMove_Force": [ 0.0, 0.0, 0.0, 0.0 ],
      "vMove_MaxSpeed": [ 100.0, 100.0, 100.0, 0.0 ],
      "vMove_MinSpeed": [ -100.0, -100.0, -100.0, 0.0 ],
      "vMove_Speed": [
        [ -0.10000000149011612, 0.10000000149011612, -0.10000000149011612, 0.0 ],
        [ 0.10000000149011612, 0.10000000149011612, 0.10000000149011612, 0.0 ]
      ],
      "vOffsetRange": [
        [ -1.0, -1.0, -1.0, 0.0 ],
        [ 1.0, 1.0, 1.0, 0.0 ]
      ],
      "vRotation": [
        [ 0.0, 0.0, 0.0, 0.0 ],
        [ 0.0, 0.0, 0.0, 0.0 ]
      ],
      "vRotation_Force": [ 0.0, 0.0, 0.0, 0.0 ],
      "vRotation_Max": [ 100.0, 100.0, 100.0, 0.0 ],
      "vRotation_Min": [ -100.0, -100.0, -100.0, 0.0 ],
      "vRotation_Speed": [ 0.0, 0.0, 0.0, 0.0 ],
      "vScale": [
        [ 1.0, 1.0, 1.0, 0.0 ],
        [ 1.0, 1.0, 1.0, 0.0 ]
      ],
      "vScale_Force": [ 250.0, 250.0, 250.0, 0.0 ],
      "vScale_Max": [ 5.0, 5.0, 5.0, 0.0 ],
      "vScale_Min": [ 0.0, 0.0, 0.0, 0.0 ],
      "vScale_Speed": [ 50.0, 50.0, 50.0, 0.0 ],
      "vSpriteColRow": [ 8.0, 8.0, 0.0, 0.0 ],
      "vStartRange": [
        [ 0.0, 0.0, 0.0, 0.0 ],
        [ 0.0, 0.0, 0.0, 0.0 ]
      ]
    },
    "DiffuseTexture": "0Effect_Diffuse_None",
    "DiffuseUV": [ 0.0, 0.0, 0.0, 0.0 ],
    "Discard_Alpha": 0.0,
    "DistortionBias": 0.009999999776482582,
    "DistortionNoiseWeight": 1.0,
    "DistortionScale": 0.009999999776482582,
    "DistortionValue": [ 1.0, 1.0, 1.0, 0.0 ],
    "EasingType": 0,
    "MaskTexture": "",
    "MaskUV": [ 0.0, 0.0, 0.0, 0.0 ],
    "NoiseTexture": "NewNoise_12",
    "NoiseUV": [ 0.0, 0.0, 0.0, 0.0 ],
    "ObjectTag": "",
    "PrototypeTag": "Prototype_GameObject_Particle",
    "Rotation": [ 0.0, 0.0, 0.0, 0.0 ],
    "ShaderType": 3,
    "Size": [ 1.0, 1.0, 0.0, 0.0 ],
    "Solid_Color": [ 1.0, 1.0, 1.0, 1.0 ],
    "SpriteColRow": [ 8.0, 8.0, 0.0, 0.0 ],
    "SpriteDuration": 0.10000000149011612,
    "SpriteSpeed": 1.0,
    "SpriteType": 1,
    "bEasing": false,
    "bLoop": true,
    "bMaskArray": false,
    "bParticleSoft": false,
    "bSolidColor": false,
    "bSpriteAnim": true,
    "eColorBlendType": 7,
    "eDeadType": 0,
    "eUseType": 1,
    "iMaskArrayNum": 1,
    "iObjPool_MaxNum": 200,
    "strMaskArray": [ "FX_R_Explosion_05A_T", "", "", "", "", "", "", "", "", "", "", "", "", "", "", "", "", "" ]
  }
}
