{"GameObject":{"Component":{"bBurst":false,"bColorEasing":false,"bCube":true,"bDirTurn":true,"bForce":false,"bLoop":false,"bMeshVTXParticle":true,"bMoveEasing":false,"bRotationEasing":false,"bScaleEasing":false,"bSprite":true,"bSprtieLoop":true,"eDeathType":0,"eMeshStartType":2,"eMoveControl":3,"fCutRange":0.0,"fDirTurnAngle":50.0,"fDirTurnLerp":1.0,"fDirTurnWaitTime":0.0,"fForce":9.800000190734863,"fForceSpeed":0.0340999998152256,"fMeshSize":1.0,"fMoveAdjustSpeed":5.0,"fSpawnTime":1.0,"fSpriteDuration":0.5,"fSprite_Speed":[10.0,20.0,0.0,0.0],"iColorEasingType":0,"iMaskArrayMaxIndex":1,"iMoveEasingType":11,"iNumInstance":50,"iRotationEasingType":0,"iScaleEasingType":0,"vCenter":[0.0,0.0,0.0,0.0],"vColor":[[0.16371679306030273,0.7335733771324158,1.0,1.0],[1.0,1.0,1.0,1.0]],"vColor_Force":[0.0,0.0,0.0,0.0],"vColor_Max":[1.0,1.0,1.0,1.0],"vColor_Speed":[0.0,0.0,0.0,0.0],"vDirTurnTime":[0.10000000149011612,0.5,0.0,0.0],"vForceDir":[0.0,-1.0,0.0,0.0],"vLifeTime":[0.5,1.0,0.0,0.0],"vMeshPointOffset":[[-0.30000001192092896,-0.30000001192092896,-0.30000001192092896,0.0],[0.30000001192092896,0.30000001192092896,0.30000001192092896,0.0]],"vMove_Force":[0.5,0.5,0.5,0.0],"vMove_MaxSpeed":[100.0,100.0,100.0,0.0],"vMove_MinSpeed":[-100.0,-100.0,-100.0,0.0],"vMove_Speed":[[-0.0010000000474974513,-0.0010000000474974513,-0.0010000000474974513,0.0],[0.0010000000474974513,0.0010000000474974513,0.0010000000474974513,0.0]],"vOffsetRange":[[-3.0,-3.0,-3.0,0.0],[3.0,3.0,3.0,0.0]],"vRotation":[[0.0,0.0,0.0,0.0],[0.0,0.0,0.0,0.0]],"vRotation_Force":[0.0,0.0,0.0,0.0],"vRotation_Max":[100.0,100.0,100.0,0.0],"vRotation_Min":[-100.0,-100.0,-100.0,0.0],"vRotation_Speed":[0.0,0.0,0.0,0.0],"vScale":[[0.5,0.5,0.0,0.0],[0.5,0.5,0.0,0.0]],"vScale_Force":[0.0,0.0,0.0,0.0],"vScale_Max":[100.0,100.0,100.0,0.0],"vScale_Min":[0.0,0.0,0.0,0.0],"vScale_Speed":[0.0,0.0,0.0,0.0],"vSpriteColRow":[4.0,4.0,0.0,0.0],"vStartRange":[[0.0,0.0,0.0,0.0],[0.0,0.0,0.0,0.0]],"vecMeshVTX":[[0.006446242332458496,1.3390813080604858e-07,-0.8219219446182251,0.0],[0.0009975433349609375,1.381571905767487e-07,-0.848002552986145,0.0],[0.002992868423461914,1.3871476767235436e-07,-0.8514249920845032,0.0],[0.002148866653442383,1.3286914679611073e-07,-0.8155447244644165,0.0],[-0.0009976029396057129,1.3759961348114302e-07,-0.8445801734924316,0.0],[0.01047670841217041,1.2846628294482798e-07,-0.788520097732544,0.0],[-0.0021488070487976074,1.3183016278617288e-07,-0.8091675043106079,0.0],[-0.0029928088188171387,1.370419937529732e-07,-0.8411575555801392,0.0],[-0.006446242332458496,1.3079117877623503e-07,-0.8027902245521545,0.0],[0.0034922361373901367,1.2699456419795752e-07,-0.7794867753982544,0.0],[0.013799190521240234,1.2217738287745306e-07,-0.749919056892395,0.0],[-0.003492116928100586,1.2552281702937762e-07,-0.7704532742500305,0.0],[-0.01047670841217041,1.2405109828250716e-07,-0.7614198923110962,0.0],[0.004599809646606445,1.2048008102283347e-07,-0.7395010590553284,0.0],[0.016894936561584473,1.1523119525236325e-07,-0.707283616065979,0.0],[-0.00459975004196167,1.1878272943022239e-07,-0.7290828227996826,0.0],[-0.013799190521240234,1.1708540625932073e-07,-0.7186647653579712,0.0],[0.005631685256958008,1.1340769390244532e-07,-0.6960910558700562,0.0],[0.02030658721923828,1.0769728930881683e-07,-0.6610407829284668,0.0],[-0.005631625652313232,1.1158417123624531e-07,-0.6848983764648438,0.0],[-0.016894936561584473,1.0976065567547266e-07,-0.6737056970596313,0.0],[0.006768703460693359,1.0577428355418306e-07,-0.6492375135421753,0.0],[0.0280606746673584,9.10403059606324e-08,-0.5588009357452393,0.0],[-0.0067688822746276855,1.0385127779954928e-07,-0.637434184551239,0.0],[-0.02030658721923828,1.019282720449155e-07,-0.6256308555603027,0.0],[0.0093536376953125,8.901424308760397e-08,-0.5463650226593018,0.0],[0.037503719329833984,7.261165535510372e-08,-0.4456866383552551,0.0],[-0.009353578090667725,8.698816600372083e-08,-0.5339291095733643,0.0],[-0.0280606746673584,8.496209602526505e-08,-0.5214931964874268,0.0],[0.012501239776611328,7.061214546411065e-08,-0.4334137439727783,0.0],[0.0465087890625,5.2875694933618433e-08,-0.3245481252670288,0.0],[-0.012501299381256104,6.86126497839723e-08,-0.4211409389972687,0.0],[-0.03750377893447876,6.661314699840659e-08,-0.40886807441711426,0.0],[0.0155029296875,5.116832468843313e-08,-0.31406837701797485,0.0],[0.053865909576416016,3.213818544622882e-08,-0.19726216793060303,0.0],[-0.0155029296875,4.946095799596151e-08,-0.3035886585712433,0.0],[-0.0465087890625,4.7753591303489884e-08,-0.2931089401245117,0.0],[0.017955303192138672,3.097921563721684e-08,-0.1901484876871109,0.0],[0.05798459053039551,1.0779065640065255e-08,-0.06616081297397614,0.0],[-0.01795518398284912,2.982024582820486e-08,-0.18303480744361877,0.0],[-0.053865909576416016,2.8661272466479204e-08,-0.17592109739780426,0.0],[0.01932811737060547,1.0367934066835005e-08,-0.06363733112812042,0.0],[0.05798459053039551,-1.0778863135385564e-08,0.06616081297397614,0.0],[-0.019328176975250244,9.956800717247916e-09,-0.061113838106393814,0.0],[-0.057984527200460434,9.545670032196085e-09,-0.0585903562605381,0.0],[-0.057984527200460434,-9.545490620155306e-09,0.0585903562605381,0.0],[0.01932811737060547,-1.0367738667582671e-08,0.06363733112812042,0.0],[-0.019328176975250244,-9.956614199779779e-09,0.061113838106393814,0.0],[-0.053865909576416016,-2.8661094830795264e-08,0.17592109739780426,0.0],[0.017955303192138672,-3.0979023790678184e-08,0.1901484876871109,0.0],[-0.01795518398284912,-2.9820061087093563e-08,0.18303480744361877,0.0],[-0.0465087890625,-4.77534207732333e-08,0.2931089401245117,0.0],[0.053865909576416016,-3.2137986494262805e-08,0.19726216793060303,0.0],[-0.0155029296875,-4.946078036027757e-08,0.3035886585712433,0.0],[-0.03750377893447876,-6.661297646815001e-08,0.40886807441711426,0.0],[0.0155029296875,-5.1168139947321833e-08,0.31406837701797485,0.0],[0.0465087890625,-5.287550308707978e-08,0.3245481252670288,0.0],[-0.012501299381256104,-6.861247925371572e-08,0.4211409389972687,0.0],[-0.0280606746673584,-8.496193970586319e-08,0.5214931964874268,0.0],[0.012501239776611328,-7.061197493385407e-08,0.4334137439727783,0.0],[0.037503719329833984,-7.261147061399242e-08,0.4456866383552551,0.0],[-0.009353578090667725,-8.698800968431897e-08,0.5339291095733643,0.0],[-0.024060726165771484,-9.36171886678494e-08,0.5746186971664429,0.0],[0.0093536376953125,-8.901407255734739e-08,0.5463650226593018,0.0],[0.0280606746673584,-9.104013543037581e-08,0.5588009357452393,0.0],[-0.008020281791687012,-9.5611582651145e-08,0.5868602395057678,0.0],[-0.02030658721923828,-1.0192812993636835e-07,0.6256308555603027,0.0],[0.008020162582397461,-9.760598373986795e-08,0.5991017818450928,0.0],[-0.0067688822746276855,-1.0385113569100213e-07,0.637434184551239,0.0],[0.024060726165771484,-9.960039903944562e-08,0.6113433837890625,0.0],[-0.016894936561584473,-1.0976051356692551e-07,0.6737056970596313,0.0],[0.006768703460693359,-1.057741414456359e-07,0.6492375135421753,0.0],[0.02030658721923828,-1.0769713298941497e-07,0.6610407829284668,0.0],[-0.005631625652313232,-1.1158402912769816e-07,0.6848983764648438,0.0],[-0.013799190521240234,-1.170852783616283e-07,0.7186647653579712,0.0],[0.005631685256958008,-1.1340755179389816e-07,0.6960910558700562,0.0],[0.016894936561584473,-1.152310531438161e-07,0.707283616065979,0.0],[-0.00459975004196167,-1.1878260153252995e-07,0.7290828227996826,0.0],[-0.01047670841217041,-1.2405098459566943e-07,0.7614198923110962,0.0],[0.004599809646606445,-1.2047993891428632e-07,0.7395010590553284,0.0],[0.013799190521240234,-1.221772407689059e-07,0.749919056892395,0.0],[-0.003492116928100586,-1.255227033425399e-07,0.7704532742500305,0.0],[-0.006446242332458496,-1.307910650893973e-07,0.8027902245521545,0.0],[0.0034922361373901367,-1.269944505111198e-07,0.7794867753982544,0.0],[0.01047670841217041,-1.2846616925799026e-07,0.788520097732544,0.0],[-0.0021488070487976074,-1.3183004909933516e-07,0.8091675043106079,0.0],[-0.0029928088188171387,-1.3704190848784492e-07,0.8411575555801392,