{"GameObject":{"Component":{"bBurst":false,"bColorEasing":false,"bCube":false,"bDirTurn":true,"bForce":true,"bLoop":false,"bMeshVTXParticle":false,"bMoveEasing":false,"bRotationEasing":false,"bScaleEasing":false,"bSprite":false,"bSprtieLoop":false,"eDeathType":0,"eMeshStartType":2,"eMoveControl":0,"fCutRange":0.0,"fDirTurnAngle":30.0,"fDirTurnLerp":0.699999988079071,"fDirTurnWaitTime":0.10000000149011612,"fForce":9.800000190734863,"fForceSpeed":0.0010000000474974513,"fMeshSize":1.0,"fMoveAdjustSpeed":5.0,"fSpawnTime":0.30000001192092896,"fSpriteDuration":0.0,"fSprite_Speed":[1.0,1.0,0.0,0.0],"iColorEasingType":0,"iMaskArrayMaxIndex":1,"iMoveEasingType":0,"iNumInstance":3,"iRotationEasingType":0,"iScaleEasingType":0,"vCenter":[0.0,0.0,0.0,0.0],"vColor":[[0.3893805146217346,1.0,0.821677565574646,1.0],[0.3893805146217346,1.0,0.8235294222831726,1.0]],"vColor_Force":[0.0,0.0,0.0,0.0],"vColor_Max":[1.0,1.0,1.0,1.0],"vColor_Speed":[0.0,0.0,0.0,0.0],"vDirTurnTime":[0.10000000149011612,0.15000000596046448,0.0,0.0],"vForceDir":[0.0,1.0,0.0,0.0],"vLifeTime":[1.0,1.5,0.0,0.0],"vMeshPointOffset":[[0.0,0.0,0.0,0.0],[0.0,0.0,0.0,0.0]],"vMove_Force":[0.0,0.0,0.0,0.0],"vMove_MaxSpeed":[100.0,100.0,100.0,0.0],"vMove_MinSpeed":[-100.0,-100.0,-100.0,0.0],"vMove_Speed":[[-0.05000000074505806,0.009999999776482582,-0.05000000074505806,0.0],[0.05000000074505806,0.05000000074505806,0.05000000074505806,0.0]],"vOffsetRange":[[-3.0,-3.0,-3.0,0.0],[3.0,3.0,3.0,0.0]],"vRotation":[[0.0,0.0,0.0,0.0],[0.0,0.0,0.0,0.0]],"vRotation_Force":[0.0,0.0,0.0,0.0],"vRotation_Max":[100.0,100.0,100.0,0.0],"vRotation_Min":[-100.0,-100.0,-100.0,0.0],"vRotation_Speed":[0.0,0.0,0.0,0.0],"vScale":[[0.10000000149011612,0.10000000149011612,0.10000000149011612,0.0],[0.10000000149011612,0.10000000149011612,0.10000000149011612,0.0]],"vScale_Force":[0.0,0.0,0.0,0.0],"vScale_Max":[100.0,100.0,100.0,0.0],"vScale_Min":[0.0,0.0,0.0,0.0],"vScale_Speed":[0.0,0.0,0.0,0.0],"vSpriteColRow":[1.0,1.0,0.0,0.0],"vStartRange":[[-0.20000000298023224,-0.20000000298023224,-0.20000000298023224,0.0],[0.20000000298023224,0.20000000298023224,0.20000000298023224,0.0]]},"DiffuseTexture":"0Effect_Diffuse_None","DiffuseUV":[0.0,0.0,0.0,0.0],"Discard_Alpha":0.0,"DistortionBias":0.009999999776482582,"DistortionNoiseWeight":1.0,"DistortionScale":0.009999999776482582,"DistortionValue":[1.0,2.0,3.0,0.0],"EasingType":0,"MaskTexture":"","MaskUV":[0.0,0.0,0.0,0.0],"NoiseTexture":"0Effect_Noise_None","NoiseUV":[0.0,0.0,0.0,0.0],"ObjectTag":"","PrototypeTag":"Prototype_GameObject_Particle","Rotation":[0.0,0.0,0.0,0.0],"ShaderType":2,"Size":[1.0,1.0,0.0,0.0],"Solid_Color":[1.0,1.0,1.0,1.0],"SpriteColRow":[1.0,1.0,0.0,0.0],"SpriteDuration":0.10000000149011612,"SpriteSpeed":1.0,"SpriteType":0,"bEasing":false,"bLoop":true,"bMaskArray":false,"bParticleSoft":true,"bSolidColor":false,"bSpriteAnim":false,"eColorBlendType":7,"eDeadType":0,"eUseType":0,"iMaskArrayNum":1,"iObjPool_MaxNum":300,"strMaskArray":["FX_R_Flash_01_T","star_04","star_05","star_08","0Effect_Mask_None","0Effect_Mask_None","0Effect_Mask_None","0Effect_Mask_None","0Effect_Mask_None","0Effect_Mask_None","0Effect_Mask_None","0Effect_Mask_None","0Effect_Mask_None","0Effect_Mask_None","0Effect_Mask_None","0Effect_Mask_None","0Effect_Mask_None","0Effect_Mask_None"]}}
