{"GameObject":{"Component":{"bBurst":false,"bColorEasing":false,"bCube":true,"bDirTurn":true,"bForce":false,"bLoop":true,"bMeshVTXParticle":true,"bMoveEasing":false,"bRotationEasing":false,"bScaleEasing":false,"bSprite":false,"bSprtieLoop":false,"eDeathType":0,"eMeshStartType":0,"eMoveControl":3,"fCutRange":0.0,"fDirTurnAngle":50.0,"fDirTurnLerp":1.0,"fDirTurnWaitTime":0.0,"fForce":9.800000190734863,"fForceSpeed":0.0340999998152256,"fMeshSize":1.0,"fMoveAdjustSpeed":20.0,"fSpawnTime":1.0,"fSpriteDuration":0.0,"fSprite_Speed":[1.0,1.0,0.0,0.0],"iColorEasingType":0,"iMaskArrayMaxIndex":1,"iMoveEasingType":11,"iNumInstance":100,"iRotationEasingType":0,"iScaleEasingType":0,"vCenter":[0.0,0.0,0.0,0.0],"vColor":[[1.0,0.6814159154891968,0.6814159154891968,1.0],[1.0,0.6823529601097107,0.6823529601097107,1.0]],"vColor_Force":[0.0,-0.6000000238418579,-0.6000000238418579,0.0],"vColor_Max":[1.0,1.0,1.0,1.0],"vColor_Speed":[0.0,-0.6000000238418579,-0.6000000238418579,0.0],"vDirTurnTime":[0.10000000149011612,0.5,0.0,0.0],"vForceDir":[0.0,-1.0,0.0,0.0],"vLifeTime":[1.0,3.0,0.0,0.0],"vMeshPointOffset":[[0.0,0.0,0.0,0.0],[0.0,0.0,0.0,0.0]],"vMove_Force":[0.5,0.5,0.5,0.0],"vMove_MaxSpeed":[100.0,100.0,100.0,0.0],"vMove_MinSpeed":[-100.0,-100.0,-100.0,0.0],"vMove_Speed":[[-0.0010000000474974513,-0.0010000000474974513,-0.0010000000474974513,0.0],[0.0010000000474974513,0.0010000000474974513,0.0010000000474974513,0.0]],"vOffsetRange":[[-3.0,-3.0,-3.0,0.0],[3.0,3.0,3.0,0.0]],"vRotation":[[0.0,0.0,0.0,0.0],[0.0,0.0,0.0,0.0]],"vRotation_Force":[0.0,0.0,0.0,0.0],"vRotation_Max":[100.0,100.0,100.0,0.0],"vRotation_Min":[-100.0,-100.0,-100.0,0.0],"vRotation_Speed":[0.0,0.0,0.0,0.0],"vScale":[[0.009999999776482582,0.009999999776482582,0.0,0.0],[0.019999999552965164,0.019999999552965164,0.0,0.0]],"vScale_Force":[0.0,0.0,0.0,0.0],"vScale_Max":[100.0,100.0,100.0,0.0],"vScale_Min":[0.0,0.0,0.0,0.0],"vScale_Speed":[0.0,0.0,0.0,0.0],"vSpriteColRow":[1.0,1.0,0.0,0.0],"vStartRange":[[0.0,0.0,0.0,0.0],[0.0,0.0,0.0,0.0]],"vecMeshVTX":[[7.004870316608403e-14,-0.3499753475189209,-0.30282753705978394,0.0],[-3.0419223997352196e-12,-0.3499751389026642,-2.4960310459136963,0.0],[-2.0998265348737277e-09,-0.33081305027008057,-2.466423511505127,0.0],[6.593645307485449e-14,-0.3308131992816925,-0.227626234292984,0.0],[-4.078581028466033e-09,-0.3116505742073059,-2.444302797317505,0.0],[6.59414471811115e-14,-0.31165075302124023,-0.18682177364826202,0.0],[-7.681980385143561e-09,-0.2733258903026581,-2.408090829849243,0.0],[5.770555609957775e-14,-0.2733260989189148,-0.1294645071029663,0.0],[-1.1350969941759104e-08,-0.22777166962623596,-2.3736772537231445,0.0],[4.5346918494532096e-14,-0.22777177393436432,-0.08252056688070297,0.0],[-1.4352882438117831e-08,-0.18221725523471832,-2.347750663757324,0.0],[4.535086227993451e-14,-0.18221740424633026,-0.05033867433667183,0.0],[-1.6687705439721867e-08,-0.13666290044784546,-2.3285534381866455,0.0],[3.711081734882743e-14,-0.136663019657135,-0.026865411549806595,0.0],[-1.8355434505679113e-08,-0.09110859036445618,-2.3137052059173584,0.0],[2.8869539137749145e-14,-0.09110871702432632,-0.013413280248641968,0.0],[-1.9356075853238508e-08,-0.04555428400635719,-2.3041014671325684,0.0],[3.711363966260768e-14,-0.04555438086390495,-0.0038100071251392365,0.0],[-1.9689613495188496e-08,4.3409826844253985e-08,-2.299614429473877,0.0],[2.887118576979861e-14,-1.901800672499121e-08,-4.1961669694501325e-07,0.0],[3.299217724104381e-14,0.0455542653799057,-0.003809926798567176,0.0],[-1.9356075853238508e-08,0.045554351061582565,-2.3041014671325684,0.0],[2.8869539137749145e-14,0.09110866487026215,-0.01341327279806137,0.0],[-1.8355430952965435e-08,0.09110870212316513,-2.3137052059173584,0.0],[2.886789250569968e-14,0.13666298985481262,-0.0268654003739357,0.0],[-1.6687710768792385e-08,0.1366630345582962,-2.3285531997680664,0.0],[3.7107940824938554e-14,0.18221734464168549,-0.050338659435510635,0.0],[-1.4352894872615707e-08,0.18221735954284668,-2.347750663757324,0.0],[4.5346918494532096e-14,0.22777168452739716,-0.08252055197954178,0.0],[-1.13509832644354e-08,0.22777165472507477,-2.3736772537231445,0.0],[4.121971318958584e-14,0.27332594990730286,-0.12946446239948273,0.0],[-7.681985714214079e-09,0.27332600951194763,-2.408090829849243,0.0],[4.533414862581929e-14,0.3116505444049835,-0.18682174384593964,0.0],[-4.078593462963909e-09,0.3116506040096283,-2.444302797317505,0.0],[5.357207258642645e-14,0.33081305027008057,-0.22762620449066162,0.0],[-2.09983475052411e-09,0.3308129906654358,-2.466423511505127,0.0],[5.356286025609211e-14,0.34997519850730896,-0.30282750725746155,0.0],[-3.0501653720121924e-12,0.34997516870498657,-2.4960310459136963,0.0]]},"DiffuseTexture":"0Effect_Diffuse_None","DiffuseUV":[0.0,0.0,0.0,0.0],"Discard_Alpha":0.30000001192092896,"DistortionBias":0.009999999776482582,"DistortionNoiseWeight":1.0,"DistortionScale":0.009999999776482582,"DistortionValue":[1.0,1.0,1.0,0.0],"EasingType":0,"MaskTexture":"","MaskUV":[0.0,0.0,0.0,0.0],"NoiseTexture":"T_Fire_Tile_BW_03","NoiseUV":[0.0,0.0,0.0,0.0],"ObjectTag":"","PrototypeTag":"Prototype_GameObject_Particle","Rotation":[0.0,0.0,0.0,0.0],"ShaderType":4,"Size":[1.0,1.0,0.0,0.0],"Solid_Color":[1.0,1.0,1.0,1.0],"SpriteColRow":[1.0,1.0,0.0,0.0],"SpriteDuration":0.10000000149011612,"SpriteSpeed":1.0,"SpriteType":0,"bEasing":false,"bLoop":true,"bMaskArray":false,"bParticleSoft":false,"bSolidColor":false,"bSpriteAnim":false,"eColorBlendType":7,"eDeadType":0,"eUseType":2,"iMaskArrayNum":1,"iObjPool_MaxNum":50,"strMaskArray":["MaskAdd632","star_09","FX_R_Kira_04_T","FX_R_Kira_04_T","0Effect_Mask_None","0Effect_Mask_None","0Effect_Mask_None","0Effect_Mask_None","0Effect_Mask_None","0Effect_Mask_None","0Effect_Mask_None","0Effect_Mask_None","0Effect_Mask_None","0Effect_Mask_None","0Effect_Mask_None","0Effect_Mask_None","0Effect_Mask_None","0Effect_Mask_None"]}}
