{"GameObject":{"Component":{"bBurst":false,"bColorEasing":false,"bCube":false,"bDirTurn":true,"bForce":false,"bLoop":false,"bMeshVTXParticle":false,"bMoveEasing":false,"bRotationEasing":false,"bScaleEasing":false,"bSprite":true,"bSprtieLoop":true,"eDeathType":4,"eMeshStartType":0,"eMoveControl":4,"fCutRange":0.0,"fDirTurnAngle":30.0,"fDirTurnLerp":0.800000011920929,"fDirTurnWaitTime":0.10000000149011612,"fForce":9.800000190734863,"fForceSpeed":0.009999999776482582,"fMeshSize":1.0,"fMoveAdjustSpeed":0.0,"fSpawnTime":1.0,"fSpriteDuration":0.5,"fSprite_Speed":[5.0,10.0,0.0,0.0],"iColorEasingType":0,"iMaskArrayMaxIndex":1,"iMoveEasingType":0,"iNumInstance":10,"iRotationEasingType":0,"iScaleEasingType":0,"vCenter":[0.0,0.0,0.0,0.0],"vColor":[[0.8551692366600037,0.7549019455909729,1.0,1.0],[0.8667557239532471,0.7755911350250244,1.0,1.0]],"vColor_Force":[0.0,0.0,0.0,0.0],"vColor_Max":[1.0,1.0,1.0,1.0],"vColor_Speed":[0.0,0.0,0.0,0.0],"vDirTurnTime":[0.5,1.0,0.0,0.0],"vForceDir":[0.0,1.0,0.0,0.0],"vLifeTime":[2.0,3.0,0.0,0.0],"vMeshPointOffset":[[0.0,0.0,0.0,0.0],[0.0,0.0,0.0,0.0]],"vMove_Force":[0.0,0.0,0.0,0.0],"vMove_MaxSpeed":[100.0,100.0,100.0,0.0],"vMove_MinSpeed":[-100.0,-100.0,-100.0,0.0],"vMove_Speed":[[-0.05000000074505806,-0.05000000074505806,-0.05000000074505806,0.0],[0.05000000074505806,0.05000000074505806,0.05000000074505806,0.0]],"vOffsetRange":[[-1.0,-1.0,-1.0,0.0],[1.0,1.0,1.0,0.0]],"vRotation":[[0.0,0.0,0.0,0.0],[0.0,0.0,0.0,0.0]],"vRotation_Force":[0.0,0.0,0.0,0.0],"vRotation_Max":[100.0,100.0,100.0,0.0],"vRotation_Min":[-100.0,-100.0,-100.0,0.0],"vRotation_Speed":[0.0,0.0,0.0,0.0],"vScale":[[1.0,1.0,1.0,0.0],[1.0,1.0,1.0,0.0]],"vScale_Force":[0.0,0.0,0.0,0.0],"vScale_Max":[100.0,100.0,100.0,0.0],"vScale_Min":[0.0,0.0,0.0,0.0],"vScale_Speed":[0.0,0.0,0.0,0.0],"vSpriteColRow":[3.0,2.0,0.0,0.0],"vStartRange":[[-0.5,-0.5,-0.5,0.0],[0.5,0.5,0.5,0.0]]},"DiffuseTexture":"Diff_Fire_Tile0","DiffuseUV":[0.0,0.0,0.0,0.0],"Discard_Alpha":0.0,"DistortionBias":0.009999999776482582,"DistortionNoiseWeight":1.0,"DistortionScale":0.009999999776482582,"DistortionValue":[1.0,1.0,1.0,0.0],"EasingType":0,"MaskTexture":"","MaskUV":[0.0,0.0,0.0,0.0],"NoiseTexture":"0Effect_Noise_None","NoiseUV":[0.0,0.0,0.0,0.0],"ObjectTag":"","PrototypeTag":"Bahamut_HeavyStrike_Elec","Rotation":[0.0,0.0,0.0,0.0],"ShaderType":2,"Size":[1.0,1.0,0.0,0.0],"Solid_Color":[1.0,1.0,1.0,1.0],"SpriteColRow":[3.0,2.0,0.0,0.0],"SpriteDuration":0.5,"SpriteSpeed":1.0,"SpriteType":1,"bEasing":false,"bLoop":true,"bMaskArray":false,"bParticleSoft":true,"bSpriteAnim":true,"eColorBlendType":9,"eDeadType":4,"eUseType":0,"iMaskArrayNum":1,"strMaskArray":["NewMask_163","FlareHorizon_Vertical","","","","","","","","","","","","","","","",""]}}
