{"GameObject":{"Component":{"bBurst":false,"bColorEasing":false,"bCube":true,"bDirTurn":true,"bForce":true,"bLoop":false,"bMeshVTXParticle":false,"bMoveEasing":false,"bRotationEasing":false,"bScaleEasing":false,"bSprite":false,"bSprtieLoop":true,"eDeathType":0,"eMeshStartType":0,"eMoveControl":0,"fCutRange":0.0,"fDirTurnAngle":30.0,"fDirTurnLerp":0.699999988079071,"fDirTurnWaitTime":0.20000000298023224,"fForce":4.800000190734863,"fForceSpeed":0.0010000000474974513,"fMeshSize":1.0,"fMoveAdjustSpeed":100.0,"fSpawnTime":3.0,"fSpriteDuration":0.10000000149011612,"fSprite_Speed":[10.0,10.0,0.0,0.0],"iColorEasingType":0,"iMaskArrayMaxIndex":1,"iMoveEasingType":0,"iNumInstance":4000,"iRotationEasingType":0,"iScaleEasingType":0,"vCenter":[0.0,0.0,0.0,0.0],"vColor":[[1.0,0.6696295738220215,0.36725664138793945,1.0],[1.0,0.6705882549285889,0.3686274588108063,1.0]],"vColor_Force":[0.0,0.0,0.0,0.0],"vColor_Max":[1.0,1.0,1.0,1.0],"vColor_Speed":[0.0,-0.10000000149011612,-0.10000000149011612,0.0],"vDirTurnTime":[0.05000000074505806,0.10000000149011612,0.0,0.0],"vForceDir":[0.0,-1.0,0.0,0.0],"vLifeTime":[15.0,20.0,0.0,0.0],"vMeshPointOffset":[[0.0,0.0,0.0,0.0],[0.0,0.0,0.0,0.0]],"vMove_Force":[0.0,0.0,0.0,0.0],"vMove_MaxSpeed":[100.0,100.0,100.0,0.0],"vMove_MinSpeed":[-100.0,-100.0,-100.0,0.0],"vMove_Speed":[[-0.30000001192092896,0.029999999329447746,-0.30000001192092896,0.0],[0.30000001192092896,0.10000000149011612,0.30000001192092896,0.0]],"vOffsetRange":[[-2.0,-2.0,-2.0,0.0],[2.0,2.0,2.0,0.0]],"vRotation":[[0.0,0.0,0.0,0.0],[0.0,0.0,0.0,0.0]],"vRotation_Force":[0.0,0.0,0.0,0.0],"vRotation_Max":[100.0,100.0,100.0,0.0],"vRotation_Min":[-100.0,-100.0,-100.0,0.0],"vRotation_Speed":[0.0,0.0,0.0,0.0],"vScale":[[0.5,0.5,0.0,0.0],[1.0,1.0,0.0,0.0]],"vScale_Force":[0.0,0.0,0.0,0.0],"vScale_Max":[100.0,100.0,100.0,0.0],"vScale_Min":[0.0,0.0,0.0,0.0],"vScale_Speed":[-0.019999999552965164,-0.019999999552965164,0.0,0.0],"vSpriteColRow":[8.0,8.0,0.0,0.0],"vStartRange":[[-10.0,0.0,-10.0,0.0],[10.0,0.0,10.0,0.0]]},"DiffuseTexture":"D_Solid_10","DiffuseUV":[0.0,0.0,0.0,0.0],"Discard_Alpha":0.30000001192092896,"DistortionBias":0.009999999776482582,"DistortionNoiseWeight":1.0,"DistortionScale":0.009999999776482582,"DistortionValue":[1.0,1.0,1.0,0.0],"EasingType":0,"MaskTexture":"","MaskUV":[0.0,0.0,0.0,0.0],"NoiseTexture":"0Effect_Noise_None","NoiseUV":[0.0,0.0,0.0,0.0],"ObjectTag":"","PrototypeTag":"Bahamut_MegaFlare_Hit_Spark2","Rotation":[0.0,0.0,0.0,0.0],"ShaderType":2,"Size":[1.0,1.0,0.0,0.0],"Solid_Color":[1.0,1.0,1.0,1.0],"SpriteColRow":[8.0,8.0,0.0,0.0],"SpriteDuration":0.10000000149011612,"SpriteSpeed":1.0,"SpriteType":1,"bEasing":false,"bLoop":true,"bMaskArray":false,"bParticleSoft":true,"bSolidColor":false,"bSpriteAnim":false,"eColorBlendType":7,"eDeadType":0,"eUseType":0,"iMaskArrayNum":1,"strMaskArray":["trace_01","trace_04","trace_01","0Effect_Mask_None","0Effect_Mask_None","0Effect_Mask_None","0Effect_Mask_None","0Effect_Mask_None","0Effect_Mask_None","0Effect_Mask_None","0Effect_Mask_None","0Effect_Mask_None","0Effect_Mask_None","0Effect_Mask_None","0Effect_Mask_None","0Effect_Mask_None","0Effect_Mask_None","0Effect_Mask_None"]}}
