{"GameObject":{"DiffuseTexture":"D_Solid_red","DiffuseUV":[0.0,0.0,0.0,0.0],"Discard_Alpha":0.3100000023841858,"DistortionBias":0.009999999776482582,"DistortionNoiseWeight":1.0,"DistortionScale":0.009999999776482582,"DistortionValue":[1.0,1.0,1.0,0.0],"EasingType":0,"MaskTexture":"0Effect_Mask_None","MaskUV":[0.0,0.0,0.0,0.0],"NoiseTexture":"NewNoise_109","NoiseUV":[0.0,0.0,0.0,0.0],"Rotation":[0.0,0.0,0.0,0.0],"ShaderType":1,"Size":[1.0,1.0,0.0,0.0],"Solid_Color":[1.0,1.0,1.0,1.0],"SpriteColRow":[1.0,1.0,0.0,0.0],"SpriteDuration":0.10000000149011612,"SpriteSpeed":1.0,"SpriteType":0,"WorldMatrix":[[-4.549814548227005e-05,-8.280325036746916e-11,50.0,0.0],[-7.279703595486353e-07,0.20000000298023224,-3.312130029877597e-13,0.0],[-0.20000000298023224,-7.279703595486353e-07,-1.8199258988715883e-07,0.0],[0.0,1.1254687309265137,0.0,1.0]],"bClamp":false,"bCurAxisUse":false,"bDiffuseClamp":true,"bDissolveParticle":false,"bEasing":false,"bFollowOwner":false,"bLoop":true,"bMaskClamp":false,"bMaskInverse":false,"bMoveUV_Y":false,"bNoiseClamp":false,"bPlayAnimation":false,"bRotation":false,"bSolidColor":false,"bSpriteAnim":false,"eColorBlendType":7,"eDeadType":0,"eDissolveParticleStartType":2,"eUseType":1,"fAxiAngleForce":0.0,"fAxiAngleSpeed":0.0,"fDissolveAmountSpeed":1.0,"fDissolveGradiationDistanceSpeed":1.0,"fLifeTime":0.800000011920929,"fUVForce":0.0,"fUVSpeed":1.0,"fUVStart":1.0,"iObjPool_MaxNum":100,"strDissolve":"0Effect_Dissolve_None","strDissolveParticleTag":"","strModelTag":"FX_EB0002_Beam_01_M","vAdjustPosition":[0.0,0.0,0.0,0.0],"vAdjustRotation":[-90.0,0.0,0.0,0.0],"vAxisAngleMinMax":[0.0,0.0,0.0,0.0],"vAxisDir":[0.0,1.0,0.0,0.0],"vColor":[0.9867256879806519,0.6461743712425232,0.6461743712425232,1.0],"vColor_Force":[0.0,0.0,0.0,0.0],"vColor_Max":[1.0,1.0,1.0,1.0],"vColor_Speed":[0.0,0.0,0.0,0.0],"vDissolveGradiationEndColor":[1.0,1.0,1.0,0.0],"vDissolveGradiationStartColor":[1.0,1.0,1.0,0.0],"vInitialPosition":[0.0,0.0,0.0,0.0],"vMove_Force":[0.0,0.0,0.0,0.0],"vMove_MaxSpeed":[100.0,100.0,100.0,0.0],"vMove_MinSpeed":[-100.0,-100.0,-100.0,0.0],"vMove_Speed":[0.0,0.0,0.0,0.0],"vRotation":[0.0,0.0,0.0,0.0],"vRotation_Force":[0.0,0.0,0.0,0.0],"vRotation_Max":[100.0,100.0,100.0,0.0],"vRotation_Min":[-100.0,-100.0,-100.0,0.0],"vRotation_Speed":[0.0,0.0,0.0,0.0],"vScale":[50.0,0.20000000298023224,0.20000000298023224,0.0],"vScale_Force":[0.0,0.0,0.0,0.0],"vScale_Max":[50.0,4.0,4.0,0.0],"vScale_Min":[0.0,0.0,0.0,0.0],"vScale_Speed":[0.0,0.0,0.0,0.0],"vWeight":[1.0,4.0,1.0,0.0]}}
