{"GameObject":{"DiffuseTexture":"D_Solid_9","DiffuseUV":[0.0,0.0,0.0,0.0],"Discard_Alpha":0.1899999976158142,"DistortionBias":0.009999999776482582,"DistortionNoiseWeight":1.0,"DistortionScale":0.009999999776482582,"DistortionValue":[1.0,1.0,1.0,0.0],"EasingType":0,"MaskTexture":"NewMask_824","MaskUV":[0.0,0.0,0.0,0.0],"NoiseTexture":"0Effect_Noise_None","NoiseUV":[0.0,0.0,0.0,0.0],"Rotation":[0.0,0.0,0.0,0.0],"ShaderType":3,"Size":[1.0,1.0,0.0,0.0],"Solid_Color":[1.0,1.0,1.0,1.0],"SpriteColRow":[1.0,1.0,0.0,0.0],"SpriteDuration":0.10000000149011612,"SpriteSpeed":1.0,"SpriteType":0,"WorldMatrix":[[0.1911037117242813,0.4567725360393524,-0.06955600529909134,0.0],[2.330873727798462,-1.4204351902008057,-2.923933267593384,0.0],[-2.868746042251587,0.7932968735694885,-2.6722607612609863,0.0],[0.0,1.7700141668319702,0.0,1.0]],"bClamp":false,"bCurAxisUse":true,"bDiffuseClamp":false,"bDissolveParticle":false,"bEasing":false,"bFollowOwner":false,"bLoop":true,"bMaskClamp":false,"bMaskInverse":false,"bMoveUV_Y":true,"bNoiseClamp":false,"bPlayAnimation":false,"bRotation":true,"bSolidColor":false,"bSpriteAnim":false,"eColorBlendType":3,"eDeadType":0,"eDissolveParticleStartType":2,"eUseType":0,"fAxiAngleForce":2000.0,"fAxiAngleSpeed":1000.0,"fDissolveAmountSpeed":3.0,"fDissolveGradiationDistanceSpeed":3.0,"fLifeTime":0.10000000149011612,"fUVForce":0.0,"fUVSpeed":1.0,"fUVStart":1.0,"iObjPool_MaxNum":50,"strDissolve":"DissolveAdd807","strDissolveParticleTag":"","strModelTag":"FX_PC0000_Slash_02_M","vAdjustPosition":[0.0,0.0,0.0,0.0],"vAdjustRotation":[-90.0,0.0,0.0,0.0],"vAxisAngleMinMax":[0.0,360.0,0.0,0.0],"vAxisDir":[1.0,0.0,0.0,0.0],"vColor":[0.9601770043373108,0.12339652329683304,0.050982870161533356,1.0],"vColor_Force":[0.0,0.0,0.0,0.0],"vColor_Max":[1.0,1.0,1.0,1.0],"vColor_Speed":[0.0,0.0,0.0,0.0],"vDissolveGradiationEndColor":[0.9764705896377563,0.364705890417099,0.24705882370471954,0.0],"vDissolveGradiationStartColor":[0.9778761267662048,0.36311376094818115,0.24663248658180237,0.0],"vInitialPosition":[0.0,0.0,0.0,0.0],"vMove_Force":[0.0,0.0,0.0,0.0],"vMove_MaxSpeed":[100.0,100.0,100.0,0.0],"vMove_MinSpeed":[-100.0,-100.0,-100.0,0.0],"vMove_Speed":[0.0,0.0,0.0,0.0],"vRotation":[24.0,110.0,90.0,0.0],"vRotation_Force":[0.0,0.0,0.0,0.0],"vRotation_Max":[360.0,360.0,360.0,0.0],"vRotation_Min":[-100.0,-100.0,-100.0,0.0],"vRotation_Speed":[0.0,0.0,0.0,0.0],"vScale":[0.5,4.0,4.0,0.0],"vScale_Force":[0.0,0.0,0.0,0.0],"vScale_Max":[1000.0,1000.0,1000.0,0.0],"vScale_Min":[0.0,0.0,0.0,0.0],"vScale_Speed":[0.0,0.0,0.0,0.0],"vWeight":[1.0,1.0,1.0,0.0]}}
