{"GameObject":{"DiffuseTexture":"D_Solid_9","DiffuseUV":[0.0,0.0,0.0,0.0],"Discard_Alpha":0.8799999952316284,"DistortionBias":0.009999999776482582,"DistortionNoiseWeight":1.0,"DistortionScale":0.009999999776482582,"DistortionValue":[1.0,1.0,1.0,0.0],"EasingType":0,"MaskTexture":"FX_Aero01_Grad_02_T","MaskUV":[0.0,0.0,0.0,0.0],"NoiseTexture":"0Effect_Noise_None","NoiseUV":[0.0,0.0,0.0,0.0],"Rotation":[0.0,0.0,0.0,0.0],"ShaderType":3,"Size":[1.0,1.0,0.0,0.0],"Solid_Color":[1.0,1.0,1.0,1.0],"SpriteColRow":[1.0,1.0,0.0,0.0],"SpriteDuration":0.10000000149011612,"SpriteSpeed":1.0,"SpriteType":0,"WorldMatrix":[[-7.279703368112678e-06,-1.3248520336350822e-11,-8.0,0.0],[6.0,5.459777639771346e-06,-5.459777639771346e-06,0.0],[3.639851684056339e-06,-4.0,3.3121300840877055e-12,0.0],[0.0,10.168970108032227,0.0,1.0]],"bClamp":false,"bCurAxisUse":false,"bDiffuseClamp":true,"bDissolveParticle":true,"bEasing":false,"bFollowOwner":false,"bLoop":true,"bMaskClamp":false,"bMaskInverse":false,"bMoveUV_Y":false,"bNoiseClamp":false,"bPlayAnimation":false,"bRotation":false,"bSolidColor":false,"bSpriteAnim":false,"eColorBlendType":3,"eDeadType":0,"eDissolveParticleStartType":1,"eUseType":0,"fAxiAngleForce":0.0,"fAxiAngleSpeed":0.0,"fDissolveAmountSpeed":2.0,"fDissolveGradiationDistanceSpeed":2.0,"fLifeTime":0.30000001192092896,"fUVForce":1.0,"fUVSpeed":0.0010000000474974513,"fUVStart":0.800000011920929,"iObjPool_MaxNum":50,"strDissolve":"DissolveAdd807","strDissolveParticleTag":"Cloud_Ascension_Slash_After_Spark","strModelTag":"00Cloud_SwordLine_01_M","vAdjustPosition":[0.0,0.0,0.0,0.0],"vAdjustRotation":[-90.0,0.0,0.0,0.0],"vAxisAngleMinMax":[0.0,0.0,0.0,0.0],"vAxisDir":[0.0,1.0,0.0,0.0],"vColor":[0.9607843160629272,0.12156862765550613,0.05098039284348488,1.0],"vColor_Force":[0.0,0.0,0.0,0.0],"vColor_Max":[1.0,1.0,1.0,1.0],"vColor_Speed":[0.0,0.0,0.0,0.0],"vDissolveGradiationEndColor":[0.9764705896377563,0.364705890417099,0.24705882370471954,0.0],"vDissolveGradiationStartColor":[0.9764705896377563,0.364705890417099,0.24705882370471954,0.0],"vInitialPosition":[0.0,0.0,0.0,0.0],"vMove_Force":[0.0,50.0,0.0,0.0],"vMove_MaxSpeed":[100.0,100.0,100.0,0.0],"vMove_MinSpeed":[-100.0,-100.0,-100.0,0.0],"vMove_Speed":[0.0,25.0,0.0,0.0],"vRotation":[0.0,0.0,0.0,0.0],"vRotation_Force":[0.0,0.0,0.0,0.0],"vRotation_Max":[100.0,100.0,100.0,0.0],"vRotation_Min":[-100.0,-100.0,-100.0,0.0],"vRotation_Speed":[0.0,0.0,0.0,0.0],"vScale":[8.0,6.0,4.0,0.0],"vScale_Force":[0.0,0.0,0.0,0.0],"vScale_Max":[10.0,10.0,10.0,0.0],"vScale_Min":[0.0,0.0,0.0,0.0],"vScale_Speed":[0.0,0.0,0.0,0.0],"vWeight":[1.0,1.0,1.0,0.0]}}
