{"GameObject":{"Component":{"bBurst":false,"bColorEasing":false,"bCube":false,"bDirTurn":false,"bForce":false,"bLoop":false,"bMeshVTXParticle":false,"bMoveEasing":false,"bRotationEasing":false,"bScaleEasing":false,"bSprite":true,"bSprtieLoop":true,"eDeathType":0,"eMeshStartType":0,"eMoveControl":4,"fCutRange":0.0,"fDirTurnAngle":10.0,"fDirTurnLerp":0.10000000149011612,"fDirTurnWaitTime":0.10000000149011612,"fForce":9.800000190734863,"fForceSpeed":0.029999999329447746,"fMeshSize":1.0,"fMoveAdjustSpeed":50.0,"fSpawnTime":0.30000001192092896,"fSpriteDuration":0.009999999776482582,"fSprite_Speed":[1.0,1.0,0.0,0.0],"iColorEasingType":0,"iMaskArrayMaxIndex":1,"iMoveEasingType":0,"iNumInstance":10,"iRotationEasingType":0,"iScaleEasingType":0,"vCenter":[0.0,0.0,0.0,0.0],"vColor":[[0.9867256879806519,0.5387619733810425,0.17027565836906433,1.0],[1.0,0.9003711342811584,0.8362832069396973,1.0]],"vColor_Force":[0.0,0.0,0.0,0.0],"vColor_Max":[1.0,1.0,1.0,1.0],"vColor_Speed":[-0.6000000238418579,-0.550000011920929,0.0,0.0],"vDirTurnTime":[0.30000001192092896,0.4000000059604645,0.0,0.0],"vForceDir":[0.0,-1.0,0.0,0.0],"vLifeTime":[0.20000000298023224,0.20000000298023224,0.0,0.0],"vMeshPointOffset":[[0.0,0.0,0.0,0.0],[0.0,0.0,0.0,0.0]],"vMove_Force":[0.0,0.0,0.0,0.0],"vMove_MaxSpeed":[100.0,100.0,100.0,0.0],"vMove_MinSpeed":[-100.0,-100.0,-100.0,0.0],"vMove_Speed":[[0.0,5.0,0.0,0.0],[0.0,10.0,0.0,0.0]],"vOffsetRange":[[-1.0,-1.0,-1.0,0.0],[1.0,1.0,1.0,0.0]],"vRotation":[[0.0,0.0,-0.699999988079071,0.0],[0.0,3.140000104904175,0.699999988079071,0.0]],"vRotation_Force":[0.0,0.0,0.0,0.0],"vRotation_Max":[100.0,100.0,100.0,0.0],"vRotation_Min":[-100.0,-100.0,-100.0,0.0],"vRotation_Speed":[0.0,0.0,0.0,0.0],"vScale":[[1.0,4.0,1.0,0.0],[1.0,4.0,1.0,0.0]],"vScale_Force":[0.0,0.0,0.0,0.0],"vScale_Max":[1.0,30.0,1.0,0.0],"vScale_Min":[0.0,0.0,0.0,0.0],"vScale_Speed":[250.0,250.0,250.0,0.0],"vSpriteColRow":[8.0,0.5,0.0,0.0],"vStartRange":[[0.0,0.0,0.0,0.0],[0.0,0.0,0.0,0.0]]},"DiffuseTexture":"0Effect_Diffuse_None","DiffuseUV":[0.0,0.0,0.0,0.0],"Discard_Alpha":0.10000000149011612,"DistortionBias":0.009999999776482582,"DistortionNoiseWeight":1.0,"DistortionScale":0.009999999776482582,"DistortionValue":[1.0,1.0,1.0,0.0],"EasingType":0,"MaskTexture":"","MaskUV":[0.0,0.0,0.0,0.0],"NoiseTexture":"0Effect_Noise_None","NoiseUV":[0.0,0.0,0.0,0.0],"ObjectTag":"","PrototypeTag":"Prototype_GameObject_Particle","Rotation":[0.0,0.0,0.0,0.0],"ShaderType":1,"Size":[1.0,1.0,0.0,0.0],"Solid_Color":[1.0,1.0,1.0,1.0],"SpriteColRow":[8.0,0.5,0.0,0.0],"SpriteDuration":0.009999999776482582,"SpriteSpeed":1.0,"SpriteType":1,"bEasing":false,"bLoop":true,"bMaskArray":false,"bParticleSoft":true,"bSolidColor":false,"bSpriteAnim":true,"eColorBlendType":9,"eDeadType":0,"eUseType":0,"iMaskArrayNum":1,"iObjPool_MaxNum":50,"strMaskArray":["NewMask_535","NewMask_535","FX_R_Elec_UV_02_T","FX_R_Elec_02_T","FX_R_Elec_UV_04_T","","","","","","","","","","","","",""]}}
