{"GameObject":{"Component":{"bBurst":false,"bColorEasing":false,"bCube":false,"bDirTurn":false,"bForce":false,"bLoop":false,"bMeshVTXParticle":false,"bMoveEasing":false,"bRotationEasing":false,"bScaleEasing":false,"bSprite":true,"bSprtieLoop":false,"eDeathType":0,"eMeshStartType":0,"eMoveControl":4,"fCutRange":0.0,"fDirTurnAngle":30.0,"fDirTurnLerp":0.5,"fDirTurnWaitTime":0.0,"fForce":9.800000190734863,"fForceSpeed":0.0,"fMeshSize":1.0,"fMoveAdjustSpeed":1.5,"fSpawnTime":1.0,"fSpriteDuration":0.009999999776482582,"fSprite_Speed":[50.0,50.0,0.0,0.0],"iColorEasingType":0,"iMaskArrayMaxIndex":1,"iMoveEasingType":0,"iNumInstance":4,"iRotationEasingType":0,"iScaleEasingType":0,"vCenter":[0.0,0.0,0.0,0.0],"vColor":[[1.0,0.8782989978790283,0.8141592741012573,1.0],[1.0,0.9643667936325073,0.8451327085494995,1.0]],"vColor_Force":[0.0,-1.7999999523162842,-2.799999952316284,0.0],"vColor_Max":[1.0,1.0,1.0,1.0],"vColor_Speed":[0.0,0.0,0.0,0.0],"vDirTurnTime":[0.0,0.3100000023841858,0.0,0.0],"vForceDir":[0.0,-1.0,0.0,0.0],"vLifeTime":[1.2000000476837158,1.2000000476837158,0.0,0.0],"vMeshPointOffset":[[0.0,0.0,0.0,0.0],[0.0,0.0,0.0,0.0]],"vMove_Force":[0.0,0.0,0.0,0.0],"vMove_MaxSpeed":[100.0,100.0,100.0,0.0],"vMove_MinSpeed":[-100.0,-100.0,-100.0,0.0],"vMove_Speed":[[0.0,-2.0,0.0,0.0],[0.0,2.0,0.0,0.0]],"vOffsetRange":[[-1.0,-1.0,-1.0,0.0],[1.0,1.0,1.0,0.0]],"vRotation":[[0.0,0.0,0.0,0.0],[0.0,0.0,0.0,0.0]],"vRotation_Force":[0.0,0.0,0.0,0.0],"vRotation_Max":[100.0,100.0,100.0,0.0],"vRotation_Min":[-100.0,-100.0,-100.0,0.0],"vRotation_Speed":[0.0,0.0,0.0,0.0],"vScale":[[7.0,7.0,7.0,0.0],[7.0,7.0,7.0,0.0]],"vScale_Force":[0.0,0.0,0.0,0.0],"vScale_Max":[7.0,7.0,7.0,0.0],"vScale_Min":[0.0,0.0,0.0,0.0],"vScale_Speed":[0.0,0.0,0.0,0.0],"vSpriteColRow":[8.0,8.0,0.0,0.0],"vStartRange":[[-0.20000000298023224,-0.10000000149011612,-0.20000000298023224,0.0],[0.20000000298023224,0.10000000149011612,0.20000000298023224,0.0]]},"DiffuseTexture":"0Effect_Diffuse_None","DiffuseUV":[0.0,0.0,0.0,0.0],"Discard_Alpha":0.0,"DistortionBias":0.0,"DistortionNoiseWeight":3.5299999713897705,"DistortionScale":0.0,"DistortionValue":[1.0,1.0,1.0,0.0],"EasingType":0,"MaskTexture":"","MaskUV":[0.0,0.0,0.0,0.0],"NoiseTexture":"T_Fire_Tile_BW_02","NoiseUV":[0.0,0.0,0.0,0.0],"ObjectTag":"","PrototypeTag":"AirBurster_Fire","Rotation":[0.0,0.0,0.0,0.0],"ShaderType":3,"Size":[1.0,1.0,0.0,0.0],"Solid_Color":[1.0,1.0,1.0,1.0],"SpriteColRow":[8.0,8.0,0.0,0.0],"SpriteDuration":0.009999999776482582,"SpriteSpeed":1.0,"SpriteType":1,"bEasing":false,"bLoop":false,"bMaskArray":false,"bParticleSoft":true,"bSolidColor":false,"bSpriteAnim":true,"eColorBlendType":0,"eDeadType":0,"eUseType":1,"iMaskArrayNum":1,"iObjPool_MaxNum":50,"strMaskArray":["FX_Silence01_Fire_01A_T","FX_R_Mist_01A_T","FX_R_Fire_04_T","FX_R_Fire_05_T","FX_R_Smk_07A_T","","","","","","","","","","","","",""]}}
