{"GameObject":{"Component":{"bBurst":false,"bColorEasing":false,"bCube":false,"bDirTurn":true,"bForce":true,"bLoop":false,"bMeshVTXParticle":false,"bMoveEasing":false,"bRotationEasing":false,"bScaleEasing":false,"bSprite":false,"bSprtieLoop":false,"eDeathType":1,"eMeshStartType":0,"eMoveControl":4,"fCutRange":0.0,"fDirTurnAngle":10.0,"fDirTurnLerp":0.10000000149011612,"fDirTurnWaitTime":0.10000000149011612,"fForce":9.800000190734863,"fForceSpeed":0.029999999329447746,"fMeshSize":1.0,"fMoveAdjustSpeed":45.0,"fSpawnTime":0.6000000238418579,"fSpriteDuration":0.0,"fSprite_Speed":[1.0,1.0,0.0,0.0],"iColorEasingType":0,"iMaskArrayMaxIndex":1,"iMoveEasingType":0,"iNumInstance":300,"iRotationEasingType":0,"iScaleEasingType":0,"vCenter":[0.0,0.0,0.0,0.0],"vColor":[[0.371113657951355,0.6761956810951233,0.9867256879806519,1.0],[0.9867256879806519,0.9880178570747375,1.0,1.0]],"vColor_Force":[0.0,0.0,0.0,0.0],"vColor_Max":[1.0,1.0,1.0,1.0],"vColor_Speed":[-0.6000000238418579,-0.550000011920929,0.0,0.0],"vDirTurnTime":[0.30000001192092896,0.4000000059604645,0.0,0.0],"vForceDir":[0.0,-1.0,0.0,0.0],"vLifeTime":[0.0,10.0,0.0,0.0],"vMeshPointOffset":[[0.0,0.0,0.0,0.0],[0.0,0.0,0.0,0.0]],"vMove_Force":[0.0,0.0,0.0,0.0],"vMove_MaxSpeed":[100.0,100.0,100.0,0.0],"vMove_MinSpeed":[-100.0,-100.0,-100.0,0.0],"vMove_Speed":[[-2.0,0.10000000149011612,-2.0,0.0],[2.0,2.0,2.0,0.0]],"vOffsetRange":[[-1.0,-1.0,-1.0,0.0],[1.0,1.0,1.0,0.0]],"vRotation":[[0.0,0.0,-0.8199999928474426,0.0],[0.0,3.5299999713897705,1.3799999952316284,0.0]],"vRotation_Force":[0.0,0.0,0.0,0.0],"vRotation_Max":[100.0,100.0,100.0,0.0],"vRotation_Min":[-100.0,-100.0,-100.0,0.0],"vRotation_Speed":[0.0,0.0,0.0,0.0],"vScale":[[1.0,1.0,1.0,0.0],[2.0,2.0,2.0,0.0]],"vScale_Force":[-10.0,-10.0,-10.0,0.0],"vScale_Max":[10.0,10.0,5.0,0.0],"vScale_Min":[0.0,0.0,0.0,0.0],"vScale_Speed":[250.0,250.0,250.0,0.0],"vSpriteColRow":[1.0,1.0,0.0,0.0],"vStartRange":[[-1.5,-1.0,-1.5,0.0],[1.5,3.0,1.5,0.0]]},"DiffuseTexture":"0Effect_Diffuse_None","DiffuseUV":[0.0,0.0,0.0,0.0],"Discard_Alpha":0.0,"DistortionBias":0.009999999776482582,"DistortionNoiseWeight":1.0,"DistortionScale":0.009999999776482582,"DistortionValue":[1.0,1.0,1.0,0.0],"EasingType":0,"MaskTexture":"","MaskUV":[0.0,0.0,0.0,0.0],"NoiseTexture":"0Effect_Noise_None","NoiseUV":[0.0,0.0,0.0,0.0],"ObjectTag":"","PrototypeTag":"AirBursterEMField_Elec1","Rotation":[0.0,0.0,0.0,0.0],"ShaderType":1,"Size":[1.0,1.0,0.0,0.0],"Solid_Color":[1.0,1.0,1.0,1.0],"SpriteColRow":[1.0,1.0,0.0,0.0],"SpriteDuration":0.10000000149011612,"SpriteSpeed":1.0,"SpriteType":0,"bEasing":false,"bLoop":true,"bMaskArray":false,"bParticleSoft":true,"bSolidColor":false,"bSpriteAnim":false,"eColorBlendType":0,"eDeadType":1,"eUseType":0,"iMaskArrayNum":1,"iObjPool_MaxNum":10,"strMaskArray":["FX_R_Elec_02_T","FX_R_Elec_UV_03_T","FX_R_Elec_UV_02_T","FX_R_Elec_02_T","FX_R_Elec_UV_04_T","","","","","","","","","","","","",""]}}
