{"GameObject":{"Component":{"bBurst":false,"bColorEasing":false,"bCube":false,"bDirTurn":true,"bForce":true,"bLoop":false,"bMeshVTXParticle":false,"bMoveEasing":false,"bRotationEasing":false,"bScaleEasing":false,"bSprite":false,"bSprtieLoop":false,"eDeathType":1,"eMeshStartType":0,"eMoveControl":0,"fCutRange":2.0,"fDirTurnAngle":30.0,"fDirTurnLerp":0.800000011920929,"fDirTurnWaitTime":0.10000000149011612,"fForce":9.800000190734863,"fForceSpeed":0.029999999329447746,"fMeshSize":1.0,"fMoveAdjustSpeed":60.0,"fSpawnTime":0.30000001192092896,"fSpriteDuration":0.0,"fSprite_Speed":[1.0,1.0,0.0,0.0],"iColorEasingType":0,"iMaskArrayMaxIndex":2,"iMoveEasingType":0,"iNumInstance":1500,"iRotationEasingType":0,"iScaleEasingType":0,"vCenter":[0.0,0.0,0.0,0.0],"vColor":[[1.0,0.9716814160346985,0.8584070801734924,1.0],[1.0,0.9716814160346985,0.8584070801734924,1.0]],"vColor_Force":[5.0,-10.0,0.0,0.0],"vColor_Max":[1.0,1.0,1.0,1.0],"vColor_Speed":[-0.20000000298023224,0.0,-2.0,0.0],"vDirTurnTime":[0.05000000074505806,0.10000000149011612,0.0,0.0],"vForceDir":[0.0,-1.0,0.0,0.0],"vLifeTime":[0.0,10.0,0.0,0.0],"vMeshPointOffset":[[0.0,0.0,0.0,0.0],[0.0,0.0,0.0,0.0]],"vMove_Force":[0.0,0.0,0.0,0.0],"vMove_MaxSpeed":[100.0,100.0,100.0,0.0],"vMove_MinSpeed":[-100.0,-100.0,-100.0,0.0],"vMove_Speed":[[-0.20000000298023224,0.10000000149011612,-0.20000000298023224,0.0],[0.20000000298023224,0.5,0.20000000298023224,0.0]],"vOffsetRange":[[-1.0,-1.0,-1.0,0.0],[1.0,1.0,1.0,0.0]],"vRotation":[[0.0,0.0,0.0,0.0],[0.0,0.0,0.0,0.0]],"vRotation_Force":[0.0,0.0,0.0,0.0],"vRotation_Max":[100.0,100.0,100.0,0.0],"vRotation_Min":[-100.0,-100.0,-100.0,0.0],"vRotation_Speed":[0.0,0.0,0.0,0.0],"vScale":[[0.4000000059604645,0.4000000059604645,0.4000000059604645,0.0],[0.800000011920929,1.0,0.800000011920929,0.0]],"vScale_Force":[-0.75,-1.0,-0.75,0.0],"vScale_Max":[100.0,100.0,100.0,0.0],"vScale_Min":[0.0,0.0,0.0,0.0],"vScale_Speed":[-0.15000000596046448,-0.5,-0.15000000596046448,0.0],"vSpriteColRow":[1.0,1.0,0.0,0.0],"vStartRange":[[-2.0,0.0,-2.0,0.0],[2.0,0.0,2.0,0.0]]},"DiffuseTexture":"0Effect_Diffuse_None","DiffuseUV":[0.0,0.0,0.0,0.0],"Discard_Alpha":0.3100000023841858,"DistortionBias":0.009999999776482582,"DistortionNoiseWeight":1.0,"DistortionScale":0.009999999776482582,"DistortionValue":[1.0,1.0,1.0,0.0],"EasingType":0,"MaskTexture":"","MaskUV":[0.0,0.0,0.0,0.0],"NoiseTexture":"0Effect_Noise_None","NoiseUV":[0.0,0.0,0.0,0.0],"ObjectTag":"","PrototypeTag":"AirBursterEMFieldSpark1","Rotation":[0.0,0.0,0.0,0.0],"ShaderType":2,"Size":[1.0,1.0,0.0,0.0],"Solid_Color":[1.0,1.0,1.0,1.0],"SpriteColRow":[1.0,1.0,0.0,0.0],"SpriteDuration":0.10000000149011612,"SpriteSpeed":1.0,"SpriteType":0,"bEasing":false,"bLoop":true,"bMaskArray":false,"bParticleSoft":true,"bSolidColor":false,"bSpriteAnim":false,"eColorBlendType":0,"eDeadType":1,"eUseType":0,"iMaskArrayNum":2,"iObjPool_MaxNum":50,"strMaskArray":["trace_01","trace_06","trace_07","","","","","","","","","","","","","","",""]}}
