{"GameObject":{"Component":{"bBurst":false,"bColorEasing":false,"bCube":true,"bDirTurn":false,"bForce":false,"bLoop":false,"bMeshVTXParticle":false,"bMoveEasing":false,"bRotationEasing":false,"bScaleEasing":false,"bSprite":true,"bSprtieLoop":true,"eDeathType":0,"eMeshStartType":0,"eMoveControl":0,"fCutRange":0.0,"fDirTurnAngle":0.0,"fDirTurnLerp":1.0,"fDirTurnWaitTime":0.0,"fForce":9.800000190734863,"fForceSpeed":0.0340999998152256,"fMeshSize":1.0,"fMoveAdjustSpeed":1.0,"fSpawnTime":0.10000000149011612,"fSpriteDuration":0.029999999329447746,"fSprite_Speed":[1.0,1.0,0.0,0.0],"iColorEasingType":0,"iMaskArrayMaxIndex":1,"iMoveEasingType":0,"iNumInstance":5,"iRotationEasingType":0,"iScaleEasingType":0,"vCenter":[0.0,0.0,0.0,0.0],"vColor":[[0.1068212166428566,0.20848621428012848,0.5486725568771362,0.5],[0.23237919807434082,0.27826640009880066,0.7389380931854248,0.5]],"vColor_Force":[0.0,0.0,0.0,0.0],"vColor_Max":[1.0,1.0,1.0,1.0],"vColor_Speed":[0.0,0.0,0.0,0.0],"vDirTurnTime":[0.0,0.0,0.0,0.0],"vForceDir":[0.0,-1.0,0.0,0.0],"vLifeTime":[2.0,2.0,0.0,0.0],"vMeshPointOffset":[[0.0,0.0,0.0,0.0],[0.0,0.0,0.0,0.0]],"vMove_Force":[0.0,0.0,0.0,0.0],"vMove_MaxSpeed":[100.0,100.0,100.0,0.0],"vMove_MinSpeed":[-100.0,-100.0,-100.0,0.0],"vMove_Speed":[[0.0,0.10000000149011612,0.0,0.0],[0.0,0.10000000149011612,0.0,0.0]],"vOffsetRange":[[-1.0,-1.0,-1.0,0.0],[1.0,1.0,1.0,0.0]],"vRotation":[[0.0,0.0,0.0,0.0],[0.0,0.0,0.0,0.0]],"vRotation_Force":[0.0,0.0,0.0,0.0],"vRotation_Max":[100.0,100.0,100.0,0.0],"vRotation_Min":[-100.0,-100.0,-100.0,0.0],"vRotation_Speed":[0.0,0.0,0.0,0.0],"vScale":[[3.0,3.0,3.0,0.0],[3.0,3.0,3.0,0.0]],"vScale_Force":[0.0,0.0,0.0,0.0],"vScale_Max":[5.0,5.0,5.0,0.0],"vScale_Min":[0.0,0.0,0.0,0.0],"vScale_Speed":[0.0,0.0,0.0,0.0],"vSpriteColRow":[8.0,8.0,0.0,0.0],"vStartRange":[[0.0,0.0,0.0,0.0],[0.0,0.0,0.0,0.0]]},"DiffuseTexture":"0Effect_Diffuse_None","DiffuseUV":[0.0,0.0,0.0,0.0],"Discard_Alpha":0.0,"DistortionBias":0.009999999776482582,"DistortionNoiseWeight":1.0,"DistortionScale":0.009999999776482582,"DistortionValue":[1.0,1.0,1.0,0.0],"EasingType":0,"MaskTexture":"","MaskUV":[0.0,0.0,0.0,0.0],"NoiseTexture":"0Effect_Noise_None","NoiseUV":[0.0,0.0,0.0,0.0],"ObjectTag":"","PrototypeTag":"AirBursterEnergyBall5","Rotation":[0.0,0.0,0.0,0.0],"ShaderType":0,"Size":[1.0,1.0,0.0,0.0],"Solid_Color":[1.0,1.0,1.0,1.0],"SpriteColRow":[8.0,8.0,0.0,0.0],"SpriteDuration":0.029999999329447746,"SpriteSpeed":1.0,"SpriteType":1,"bEasing":false,"bLoop":true,"bMaskArray":false,"bParticleSoft":true,"bSolidColor":false,"bSpriteAnim":true,"eColorBlendType":0,"eDeadType":0,"eUseType":0,"iMaskArrayNum":1,"iObjPool_MaxNum":300,"strMaskArray":["FX_R_Smk_06A_T","","","","","","","","","","","","","","","","",""]}}
