{"GameObject":{"Component":{"bBurst":false,"bColorEasing":false,"bCube":true,"bDirTurn":false,"bForce":false,"bLoop":true,"bMeshVTXParticle":false,"bMoveEasing":false,"bRotationEasing":false,"bScaleEasing":false,"bSprite":true,"bSprtieLoop":true,"eDeathType":0,"eMeshStartType":0,"eMoveControl":0,"fCutRange":0.0,"fDirTurnAngle":0.0,"fDirTurnLerp":1.0,"fDirTurnWaitTime":0.0,"fForce":9.800000190734863,"fForceSpeed":0.05000000074505806,"fMeshSize":1.0,"fMoveAdjustSpeed":1.0,"fSpawnTime":0.20000000298023224,"fSpriteDuration":0.20000000298023224,"fSprite_Speed":[2.5,5.0,0.0,0.0],"iColorEasingType":0,"iMaskArrayMaxIndex":5,"iMoveEasingType":0,"iNumInstance":150,"iRotationEasingType":0,"iScaleEasingType":0,"vCenter":[0.0,0.0,0.0,0.0],"vColor":[[1.0,0.800000011920929,0.800000011920929,1.0],[1.0,1.0,1.0,1.0]],"vColor_Force":[0.0,0.10000000149011612,0.10000000149011612,0.0],"vColor_Max":[1.0,1.0,1.0,1.0],"vColor_Speed":[0.0,-0.10000000149011612,-0.10000000149011612,0.0],"vDirTurnTime":[0.0,0.0,0.0,0.0],"vForceDir":[0.0,1.5,0.0,0.0],"vLifeTime":[5.0,7.0,0.0,0.0],"vMeshPointOffset":[[0.0,0.0,0.0,0.0],[0.0,0.0,0.0,0.0]],"vMove_Force":[0.0,0.0,0.0,0.0],"vMove_MaxSpeed":[100.0,100.0,100.0,0.0],"vMove_MinSpeed":[-100.0,-100.0,-100.0,0.0],"vMove_Speed":[[-0.10000000149011612,2.5,-0.10000000149011612,0.0],[0.15000000596046448,4.0,0.15000000596046448,0.0]],"vOffsetRange":[[-1.0,-1.0,-1.0,0.0],[1.0,1.0,1.0,0.0]],"vRotation":[[0.0,0.0,0.0,0.0],[0.0,0.0,0.0,0.0]],"vRotation_Force":[0.0,0.0,0.0,0.0],"vRotation_Max":[100.0,100.0,100.0,0.0],"vRotation_Min":[-100.0,-100.0,-100.0,0.0],"vRotation_Speed":[0.0,0.0,0.0,0.0],"vScale":[[3.0,3.0,3.0,0.0],[5.0,5.0,5.0,0.0]],"vScale_Force":[0.0,0.0,0.0,0.0],"vScale_Max":[100.0,100.0,100.0,0.0],"vScale_Min":[0.0,0.0,0.0,0.0],"vScale_Speed":[0.0,0.0,0.0,0.0],"vSpriteColRow":[8.0,8.0,0.0,0.0],"vStartRange":[[0.0,0.0,0.0,0.0],[0.0,0.0,0.0,0.0]]},"DiffuseTexture":"Fire2","DiffuseUV":[0.0,0.0,0.0,0.0],"Discard_Alpha":0.0,"DistortionBias":0.009999999776482582,"DistortionNoiseWeight":1.0,"DistortionScale":0.004999999888241291,"DistortionValue":[0.15000000596046448,0.15000000596046448,0.15000000596046448,0.0],"EasingType":0,"MaskTexture":"","MaskUV":[0.0,0.0,0.0,0.0],"NoiseTexture":"T_Fire_Tile_BW_03","NoiseUV":[0.0,0.0,0.0,0.0],"ObjectTag":"","PrototypeTag":"ToolParticle_5","Rotation":[0.0,0.0,0.0,0.0],"ShaderType":3,"Size":[1.0,1.0,0.0,0.0],"Solid_Color":[1.0,1.0,1.0,1.0],"SpriteColRow":[8.0,8.0,0.0,0.0],"SpriteDuration":0.20000000298023224,"SpriteSpeed":1.0,"SpriteType":1,"bEasing":false,"bLoop":true,"bMaskArray":false,"bSpriteAnim":true,"eDeadType":3,"eUseType":0,"iMaskArrayNum":5,"strMaskArray":["FX_R_Fire_01_T","FX_R_Fire_02_T","FX_R_Fire_03_T","FX_R_Fire_04_T","FX_R_Fire_05_T","FX_R_Fire_04_T","FX_R_Fire_05_T","","","","","","","","","","",""]}}
