{"GameObject":{"Component":{"bBurst":false,"bColorEasing":false,"bCube":false,"bDirTurn":false,"bForce":false,"bLoop":false,"bMeshVTXParticle":false,"bMoveEasing":false,"bRotationEasing":false,"bScaleEasing":false,"bSprite":true,"bSprtieLoop":true,"eDeathType":0,"eMeshStartType":0,"eMoveControl":4,"fCutRange":4.0,"fDirTurnAngle":30.0,"fDirTurnLerp":0.30000001192092896,"fDirTurnWaitTime":0.0,"fForce":9.800000190734863,"fForceSpeed":0.009999999776482582,"fMeshSize":1.0,"fMoveAdjustSpeed":200.0,"fSpawnTime":1.0,"fSpriteDuration":0.10000000149011612,"fSprite_Speed":[1.0,5.0,0.0,0.0],"iColorEasingType":0,"iMaskArrayMaxIndex":1,"iMoveEasingType":0,"iNumInstance":1500,"iRotationEasingType":0,"iScaleEasingType":0,"vCenter":[0.0,0.0,0.0,0.0],"vColor":[[0.6725664138793945,0.0,1.0,1.0],[0.6725664138793945,0.3508497476577759,1.0,1.0]],"vColor_Force":[0.0,0.0,0.0,0.0],"vColor_Max":[1.0,1.0,1.0,1.0],"vColor_Speed":[0.0,0.0,0.0,0.0],"vDirTurnTime":[0.10000000149011612,0.20000000298023224,0.0,0.0],"vForceDir":[0.0,0.0,-1.0,0.0],"vLifeTime":[0.05000000074505806,0.05000000074505806,0.0,0.0],"vMeshPointOffset":[[0.0,0.0,0.0,0.0],[0.0,0.0,0.0,0.0]],"vMove_Force":[0.3199999928474426,0.5099999904632568,0.6200000047683716,0.0],"vMove_MaxSpeed":[50.0,50.0,50.0,0.0],"vMove_MinSpeed":[-100.0,-100.0,-100.0,0.0],"vMove_Speed":[[-0.019999999552965164,-0.019999999552965164,-0.019999999552965164,0.0],[0.019999999552965164,0.019999999552965164,0.019999999552965164,0.0]],"vOffsetRange":[[-1.0,-1.0,-1.0,0.0],[1.0,1.0,1.0,0.0]],"vRotation":[[0.0,0.0,0.0,0.0],[0.0,0.0,0.0,0.0]],"vRotation_Force":[0.0,0.0,0.0,0.0],"vRotation_Max":[100.0,100.0,100.0,0.0],"vRotation_Min":[-100.0,-100.0,-100.0,0.0],"vRotation_Speed":[0.0,0.0,0.0,0.0],"vScale":[[3.0,3.0,3.0,0.0],[3.0,3.0,3.0,0.0]],"vScale_Force":[0.0,0.0,0.0,0.0],"vScale_Max":[100.0,100.0,100.0,0.0],"vScale_Min":[0.0,0.0,0.0,0.0],"vScale_Speed":[0.0,0.0,0.0,0.0],"vSpriteColRow":[8.0,8.0,0.0,0.0],"vStartRange":[[-3.0,-3.0,-3.0,0.0],[3.0,3.0,3.0,0.0]]},"DiffuseTexture":"0Effect_Diffuse_None","DiffuseUV":[0.0,0.0,0.0,0.0],"Discard_Alpha":0.0,"DistortionBias":0.009999999776482582,"DistortionNoiseWeight":1.0,"DistortionScale":0.009999999776482582,"DistortionValue":[1.0,1.0,1.0,0.0],"EasingType":0,"MaskTexture":"","MaskUV":[0.0,0.0,0.0,0.0],"NoiseTexture":"NoiseAdd794","NoiseUV":[0.0,0.0,0.0,0.0],"ObjectTag":"","PrototypeTag":"Bahamut_Aura_Distortion1","Rotation":[0.0,0.0,0.0,0.0],"ShaderType":6,"Size":[1.0,1.0,0.0,0.0],"Solid_Color":[1.0,1.0,1.0,1.0],"SpriteColRow":[8.0,8.0,0.0,0.0],"SpriteDuration":0.10000000149011612,"SpriteSpeed":1.0,"SpriteType":1,"bEasing":false,"bLoop":true,"bMaskArray":false,"bParticleSoft":true,"bSpriteAnim":true,"eColorBlendType":0,"eDeadType":0,"eUseType":0,"iMaskArrayNum":1,"strMaskArray":["FX_R_Mist_02A_T","FX_R_Splash_01_T","","","","","","","","","","","","","","","",""]}}
