{"GameObject":{"DiffuseTexture":"0Effect_Diffuse_None","DiffuseUV":[0.0,0.0,0.0,0.0],"Discard_Alpha":0.10000000149011612,"DistortionBias":0.009999999776482582,"DistortionNoiseWeight":1.0,"DistortionScale":0.009999999776482582,"DistortionValue":[1.0,1.0,1.0,0.0],"EasingType":0,"MaskTexture":"FX_R_Grd_01_T","MaskUV":[0.0,0.46000000834465027,0.0,0.0],"NoiseTexture":"NoiseAdd840","NoiseUV":[0.0,-0.019999999552965164,0.0,0.0],"Rotation":[0.0,0.0,0.0,0.0],"ShaderType":1,"Size":[1.0,1.0,0.0,0.0],"Solid_Color":[0.8484848737716675,0.2571166455745697,0.2571166455745697,1.0],"SpriteColRow":[1.0,1.0,0.0,0.0],"SpriteDuration":0.10000000149011612,"SpriteSpeed":1.0,"SpriteType":0,"WorldMatrix":[[1.0,0.0,0.0,0.0],[0.0,1.0,0.0,0.0],[0.0,0.0,1.0,0.0],[0.0,0.0,0.0,1.0]],"bDiffuseClamp":true,"bEasing":false,"bLoop":true,"bMaskClamp":true,"bMaskInverse":true,"bNoiseClamp":true,"bSocket":false,"bSpriteAnim":false,"bUpdate":true,"eDeadType":5,"eUseType":2,"iLerpPointNum":20,"iMaxCnt":10,"strBoneName":"","vPos_0":[0.5,0.0,0.0,0.0],"vPos_1":[1.5,0.0,0.0,0.0]}}
