{"GameObject":{"DiffuseTexture":"D_Solid_silver","DiffuseUV":[0.0,0.0,0.0,0.0],"Discard_Alpha":0.699999988079071,"DistortionBias":0.019999999552965164,"DistortionNoiseWeight":1.0,"DistortionScale":0.10000000149011612,"DistortionValue":[1.0,2.0,3.0,0.0],"EasingType":0,"MaskTexture":"NewMask_576","MaskUV":[0.0,0.0,0.0,0.0],"NoiseTexture":"NewNoise_11","NoiseUV":[0.0,0.0,0.0,0.0],"Rotation":[0.0,0.0,0.0,0.0],"ShaderType":2,"Size":[1.0,1.0,0.0,0.0],"Solid_Color":[0.022123873233795166,0.021242834627628326,0.021242834627628326,0.3959999978542328],"SpriteColRow":[1.0,1.0,0.0,0.0],"SpriteDuration":0.10000000149011612,"SpriteSpeed":1.0,"SpriteType":0,"WorldMatrix":[[1.0,0.0,0.0,0.0],[0.0,1.0,0.0,0.0],[0.0,0.0,1.0,0.0],[0.0,0.0,0.0,1.0]],"bDiffuseClamp":false,"bDiffuseUse":true,"bEasing":false,"bLoop":true,"bMaskClamp":true,"bMaskInverse":true,"bNoiseClamp":false,"bSocket":false,"bSolidColor":false,"bSpriteAnim":false,"bUpdate":true,"eColorBlendType":2,"eDeadType":5,"eUseType":2,"iLerpPointNum":100,"iMaxCnt":15,"iObjPool_MaxNum":50,"strBoneName":"","vPos_0":[0.30000001192092896,0.0,0.0,0.0],"vPos_1":[1.5,0.0,0.0,0.0]}}
