{"GameObject":{"Component":{"bBurst":false,"bColorEasing":false,"bCube":false,"bDirTurn":false,"bForce":true,"bLoop":false,"bMeshVTXParticle":true,"bMoveEasing":false,"bRotationEasing":false,"bScaleEasing":false,"bSprite":false,"bSprtieLoop":false,"eDeathType":2,"eMeshStartType":2,"eMoveControl":4,"fCutRange":0.10000000149011612,"fDirTurnAngle":0.0,"fDirTurnLerp":1.0,"fDirTurnWaitTime":0.0,"fForce":9.800000190734863,"fForceSpeed":0.0340999998152256,"fMeshSize":1.0,"fMoveAdjustSpeed":2.0,"fSpawnTime":1.0,"fSpriteDuration":0.0,"fSprite_Speed":[1.0,1.0,0.0,0.0],"iColorEasingType":0,"iMaskArrayMaxIndex":1,"iMoveEasingType":0,"iNumInstance":500,"iRotationEasingType":0,"iScaleEasingType":0,"vCenter":[0.0,0.0,0.0,0.0],"vColor":[[0.13534735143184662,0.9867256879806519,0.6928870677947998,1.0],[0.6630390286445618,0.9867256879806519,0.7718894481658936,1.0]],"vColor_Force":[0.0,0.0,0.0,0.0],"vColor_Max":[1.0,1.0,1.0,1.0],"vColor_Speed":[0.0,0.0,0.0,-0.800000011920929],"vDirTurnTime":[0.0,0.0,0.0,0.0],"vForceDir":[0.0,1.0,0.0,0.0],"vLifeTime":[5.0,5.0,0.0,0.0],"vMeshPointOffset":[[0.0,0.0,0.0,0.0],[0.0,0.0,0.0,0.0]],"vMove_Force":[0.0,0.6000000238418579,0.0,0.0],"vMove_MaxSpeed":[100.0,100.0,100.0,0.0],"vMove_MinSpeed":[-100.0,-100.0,-100.0,0.0],"vMove_Speed":[[-0.10000000149011612,0.10000000149011612,-0.10000000149011612,0.0],[0.10000000149011612,0.10000000149011612,0.10000000149011612,0.0]],"vOffsetRange":[[-1.0,-1.0,-1.0,0.0],[1.0,1.0,1.0,0.0]],"vRotation":[[0.0,0.0,0.0,0.0],[0.0,0.0,0.0,0.0]],"vRotation_Force":[0.0,0.0,0.0,0.0],"vRotation_Max":[100.0,100.0,100.0,0.0],"vRotation_Min":[-100.0,-100.0,-100.0,0.0],"vRotation_Speed":[0.0,0.0,0.0,0.0],"vScale":[[0.20000000298023224,0.20000000298023224,0.20000000298023224,0.0],[0.4000000059604645,0.4000000059604645,0.4000000059604645,0.0]],"vScale_Force":[0.0,0.0,0.0,0.0],"vScale_Max":[100.0,100.0,100.0,0.0],"vScale_Min":[0.0,0.0,0.0,0.0],"vScale_Speed":[0.0,0.0,0.0,0.0],"vSpriteColRow":[1.0,1.0,0.0,0.0],"vStartRange":[[-0.30000001192092896,-0.30000001192092896,-0.30000001192092896,0.0],[0.30000001192092896,0.30000001192092896,0.30000001192092896,0.0]],"vecMeshVTX":[[-0.11853430420160294,0.019394850358366966,0.9382957220077515,0.0],[-2.523467834691928e-08,0.2653394639492035,0.9457532167434692,0.0],[2.5234694334130836e-08,-1.540827554435964e-07,0.945753276348114,0.0],[-0.11853433400392532,0.28473448753356934,0.9382957220077515,0.0],[-0.23519930243492126,0.038789860904216766,0.9160407781600952,0.0],[-0.23519931733608246,0.3041294813156128,0.9160407185554504,0.0],[-0.34815502166748047,0.058184873312711716,0.8793391585350037,0.0],[-0.34815502166748047,0.32352447509765625,0.8793390989303589,0.0],[-0.4556201994419098,0.07757987827062607,0.8287699222564697,0.0],[-0.4556201696395874,0.3429194688796997,0.8287698030471802,0.0],[-0.5558997392654419,0.09697489440441132,0.7651304602622986,0.0],[-0.5558997392654419,0.36231452226638794,0.7651304602622986,0.0],[-0.6474127173423767,0.11636991053819656,0.689424455165863,0.0],[-0.6474126577377319,0.3817095160484314,0.6894243359565735,0.0],[-0.7287154197692871,0.1357649862766266,0.6028459668159485,0.0],[-0.7287153601646423,0.40110456943511963,0.6028458476066589,0.0],[-0.7985259890556335,0.15515999495983124,0.5067599415779114,0.0],[-0.7985259294509888,0.4204995334148407,0.5067598819732666,0.0],[-0.8557431101799011,0.17455503344535828,0.4026821553707123,0.0],[-0.8557430505752563,0.43989458680152893,0.4026820957660675,0.0],[-0.8994647860527039,0.19395005702972412,0.2922537326812744,0.0],[-0.8994647264480591,0.4592895805835724,0.292253702878952,0.0],[-0.9290013909339905,0.21334506571292877,0.17721635103225708,0.0],[-0.9290013909339905,0.4786846339702606,0.1772163212299347,0.0],[-0.943886935710907,0.23274008929729462,0.05938417837023735,0.0],[-0.9438868165016174,0.49807965755462646,0.05938415974378586,0.0],[-0.9438869953155518,0.25213509798049927,-0.05938456580042839,0.0],[-0.9438868761062622,0.5174746513366699,-0.05938456580042839,0.0],[-0.9290013909339905,0.2715301513671875,-0.1772167682647705,0.0],[-0.9290012121200562,0.5368696451187134,-0.17721673846244812,0.0],[-0.8994645476341248,0.29092517495155334,-0.29225412011146545,0.0],[-0.8994644284248352,0.5562647581100464,-0.29225412011146545,0.0],[-0.8557429313659668,0.3103201687335968,-0.4026823937892914,0.0],[-0.8557428121566772,0.5756596922874451,-0.402682363986969,0.0],[-0.7985256314277649,0.32971522212028503,-0.5067601203918457,0.0],[-0.7985254526138306,0.5950547456741333,-0.5067600607872009,0.0],[-0.7287151217460632,0.3491101861000061,-0.6028461456298828,0.0],[-0.7287150025367737,0.6144497990608215,-0.602846086025238,0.0],[-0.6474123597145081,0.36850523948669434,-0.6894247531890869,0.0],[-0.6474121809005737,0.633844792842865,-0.6894246935844421,0.0],[-0.555899441242218,0.3879002332687378,-0.7651306986808777,0.0],[-0.5558993816375732,0.6532397866249084,-0.7651305198669434,0.0],[-0.4556196331977844,0.407295286655426,-0.828770101070404,0.0],[-0.4556194543838501,0.6726348400115967,-0.8287699222564697,0.0],[-0.3481544852256775,0.4266902804374695,-0.8793392181396484,0.0],[-0.34815436601638794,0.6920297741889954,-0.8793390393257141,0.0],[-0.23519863188266754,0.4460853040218353,-0.9160408973693848,0.0],[-0.23519855737686157,0.7114248871803284,-0.9160407781600952,0.0],[-0.1185336485505104,0.4654802978038788,-0.938295841217041,0.0],[-0.11853358894586563,0.7308198809623718,-0.9382956027984619,0.0],[7.339011176554777e-07,0.48487529158592224,-0.9457532167434692,0.0],[7.84370399742329e-07,0.7502149343490601,-0.9457530379295349,0.0],[0.1185351088643074,0.5042703151702881,-0.9382956624031067,0.0],[0.11853514611721039,0.7696099281311035,-0.9382954835891724,0.0],[0.23520006239414215,0.5236653685569763,-0.9160403609275818,0.0],[0.23520007729530334,0.7890049815177917,-0.9160400629043579,0.0],[0.34815582633018494,0.5430603623390198,-0.8793386816978455,0.0],[0.34815582633018494,0.8083999156951904,-0.8793385028839111,0.0],[0.4556209444999695,0.562455415725708,-0.8287692666053772,0.0],[0.4556209444999695,0.8277949094772339,-0.8287692070007324,0.0],[0.5559006333351135,0.5818504095077515,-0.7651297450065613,0.0],[0.5559006333351135,0.8471899628639221,-0.7651296854019165,0.0],[0.6474133133888245,0.6012454628944397,-0.6894236207008362,0.0],[0.6474132537841797,0.8665849566459656,-0.6894235014915466,0.0],[0.728716254234314,0.6206405162811279,-0.6028449535369873,0.0],[0.7287161946296692,0.8859800100326538,-0.6028448343276978,0.0],[0.7985264658927917,0.6400354504585266,-0.5067588686943054,0.0],[0.798526406288147,0.905375063419342,-0.5067588090896606,0.0],[0.8557436466217041,0.6594305038452148,-0.40268105268478394,0.0],[0.8557434678077698,0.9247701168060303,-0.4026809334754944,0.0],[0.8994652628898621,0.6788256168365479,-0.2922526001930237,0.0],[0.8994650840759277,0.9441651105880737,-0.29225248098373413,0.0],[0.9290016293525696,0.6982204914093018,-0.17721512913703918,0.0],[0.9290014505386353,0.9635600447654724,-0.17721499502658844,0.0],[0.9438871145248413,0.7176156044006348,-0.05938291922211647,0.0],[0.943886935710907,0.9829550981521606,-0.059382811188697815,0.0],[0.9438868761062622,0.7370105981826782,0.05938582867383957,0.0],[0.9438866972923279,1.002350091934204,0.05938591808080673,0.0],[0.9290012121200562,0.7564055919647217,0.1772179901599884,0.0],[0.9290010929107666,1.021745204925537,0.17721806466579437,0.0],[0.8994643688201904,0.7758005857467651,0.29225534200668335,0.0],[0.8994642496109009,1.041140079498291,0.2922554016113281,0.0],[0.8557425737380981,0.7951955795288086,0.4026837646961212,0.0],[0.8557423949241638,1.0605350732803345,0.402683824300766,0.0],[0.7985252141952515,0.814590573310852,0.5067614912986755,0.0],[0.7985250949859619,1.079930067062378,0.5067615509033203,0.0],[0.7287144660949707,0.8339855670928955,0.602847158908844,0.0],[0.7287142872810364,1.099325180053711,0.6028472185134888,0.0],[0.6474115252494812,0.853380560874939,0.6894258260726929,0.0],[0.6474113464355469,1.1187201738357544,0.6894258260726929,0.0],[0.5558983087539673,0.8727755546569824,