{"GameObject":{"Component":{"bBurst":false,"bColorEasing":false,"bCube":false,"bDirTurn":false,"bForce":true,"bLoop":true,"bMeshVTXParticle":false,"bMoveEasing":false,"bRotationEasing":false,"bScaleEasing":false,"bSprite":true,"bSprtieLoop":false,"eDeathType":2,"eMeshStartType":0,"eMoveControl":0,"fCutRange":0.5,"fDirTurnAngle":80.0,"fDirTurnLerp":1.0,"fDirTurnWaitTime":0.6000000238418579,"fForce":9.800000190734863,"fForceSpeed":0.009999999776482582,"fMeshSize":1.0,"fMoveAdjustSpeed":2.0,"fSpawnTime":5.0,"fSpriteDuration":0.10000000149011612,"fSprite_Speed":[0.20000000298023224,0.20000000298023224,0.0,0.0],"iColorEasingType":0,"iMaskArrayMaxIndex":1,"iMoveEasingType":0,"iNumInstance":8,"iRotationEasingType":0,"iScaleEasingType":0,"vCenter":[0.0,0.0,0.0,0.0],"vColor":[[0.16814160346984863,0.16814160346984863,0.16814160346984863,0.6000000238418579],[0.16814160346984863,0.16814160346984863,0.16814160346984863,0.6000000238418579]],"vColor_Force":[0.0,0.0,0.0,-0.029999999329447746],"vColor_Max":[1.0,1.0,1.0,1.0],"vColor_Speed":[0.0,0.0,0.0,-0.009999999776482582],"vDirTurnTime":[0.10000000149011612,1.0,0.0,0.0],"vForceDir":[0.0,1.0,0.0,0.0],"vLifeTime":[0.0,10.0,0.0,0.0],"vMeshPointOffset":[[0.0,0.0,0.0,0.0],[0.0,0.0,0.0,0.0]],"vMove_Force":[0.0,0.10000000149011612,0.0,0.0],"vMove_MaxSpeed":[100.0,100.0,100.0,0.0],"vMove_MinSpeed":[-100.0,-100.0,-100.0,0.0],"vMove_Speed":[[-0.30000001192092896,0.30000001192092896,-0.30000001192092896,0.0],[0.30000001192092896,0.4000000059604645,0.30000001192092896,0.0]],"vOffsetRange":[[-1.0,-1.0,-1.0,0.0],[1.0,1.0,1.0,0.0]],"vRotation":[[0.0,0.0,0.0,0.0],[0.0,0.0,0.0,0.0]],"vRotation_Force":[0.0,0.0,0.0,0.0],"vRotation_Max":[100.0,100.0,100.0,0.0],"vRotation_Min":[-100.0,-100.0,-100.0,0.0],"vRotation_Speed":[0.0,0.0,0.0,0.0],"vScale":[[4.0,4.0,4.0,0.0],[4.0,4.0,4.0,0.0]],"vScale_Force":[0.30000001192092896,0.30000001192092896,0.30000001192092896,0.0],"vScale_Max":[100.0,100.0,100.0,0.0],"vScale_Min":[0.0,0.0,0.0,0.0],"vScale_Speed":[0.20000000298023224,0.20000000298023224,0.20000000298023224,0.0],"vSpriteColRow":[8.0,8.0,0.0,0.0],"vStartRange":[[-0.5,0.0,-0.5,0.0],[0.5,0.0,0.5,0.0]]},"DiffuseTexture":"0Effect_Diffuse_None","DiffuseUV":[0.0,0.0,0.0,0.0],"Discard_Alpha":0.0,"DistortionBias":0.009999999776482582,"DistortionNoiseWeight":1.0,"DistortionScale":0.009999999776482582,"DistortionValue":[1.0,1.0,1.0,0.0],"EasingType":0,"MaskTexture":"","MaskUV":[0.0,0.0,0.0,0.0],"NoiseTexture":"0Effect_Noise_None","NoiseUV":[0.0,0.0,0.0,0.0],"ObjectTag":"","PrototypeTag":"ToolParticle_20","Rotation":[0.0,0.0,0.0,0.0],"ShaderType":0,"Size":[1.0,1.0,0.0,0.0],"Solid_Color":[1.0,1.0,1.0,1.0],"SpriteColRow":[8.0,8.0,0.0,0.0],"SpriteDuration":0.10000000149011612,"SpriteSpeed":1.0,"SpriteType":1,"bEasing":false,"bLoop":false,"bMaskArray":false,"bParticleSoft":true,"bSpriteAnim":true,"eColorBlendType":0,"eDeadType":2,"eUseType":0,"iMaskArrayNum":1,"strMaskArray":["FX_R_Smk_05A_T","FX_R_Shw_01A_T","","","","","","","","","","","","","","","",""]}}
